학교명,학교종류,지역,설립구분,상태,기준연도,Measure Names,Measure Values
가톨릭상지대학교,전문대학,경북,사립,기존,2024,취업률(%),80.695652174
가톨릭상지대학교,전문대학,경북,사립,기존,2024,취업자,464
가톨릭상지대학교,전문대학,경북,사립,기존,2024,예외자,62
가톨릭상지대학교,전문대학,경북,사립,기존,2024,졸업자,637
가톨릭상지대학교,전문대학,경북,사립,기존,2023,취업률(%),80.415944541
가톨릭상지대학교,전문대학,경북,사립,기존,2023,취업자,464
가톨릭상지대학교,전문대학,경북,사립,기존,2023,예외자,61
가톨릭상지대학교,전문대학,경북,사립,기존,2023,졸업자,638
가톨릭상지대학교,전문대학,경북,사립,기존,2022,취업률(%),79.107142857
가톨릭상지대학교,전문대학,경북,사립,기존,2022,취업자,443
가톨릭상지대학교,전문대학,경북,사립,기존,2022,예외자,67
가톨릭상지대학교,전문대학,경북,사립,기존,2022,졸업자,627
강동대학교,전문대학,충북,사립,기존,2024,취업률(%),78.853383459
강동대학교,전문대학,충북,사립,기존,2024,취업자,839
강동대학교,전문대학,충북,사립,기존,2024,예외자,93
강동대학교,전문대학,충북,사립,기존,2024,졸업자,1157
강동대학교,전문대학,충북,사립,기존,2023,취업률(%),72.988505747
강동대학교,전문대학,충북,사립,기존,2023,취업자,762
강동대학교,전문대학,충북,사립,기존,2023,예외자,110
강동대학교,전문대학,충북,사립,기존,2023,졸업자,1154
강동대학교,전문대학,충북,사립,기존,2022,취업률(%),73.994387278
강동대학교,전문대학,충북,사립,기존,2022,취업자,791
강동대학교,전문대학,충북,사립,기존,2022,예외자,177
강동대학교,전문대학,충북,사립,기존,2022,졸업자,1246
강릉영동대학교,전문대학,강원,사립,기존,2024,취업률(%),75.635876841
강릉영동대학교,전문대학,강원,사립,기존,2024,취업자,565
강릉영동대학교,전문대학,강원,사립,기존,2024,예외자,51
강릉영동대학교,전문대학,강원,사립,기존,2024,졸업자,798
강릉영동대학교,전문대학,강원,사립,기존,2023,취업률(%),74.043715847
강릉영동대학교,전문대학,강원,사립,기존,2023,취업자,542
강릉영동대학교,전문대학,강원,사립,기존,2023,예외자,86
강릉영동대학교,전문대학,강원,사립,기존,2023,졸업자,818
강릉영동대학교,전문대학,강원,사립,기존,2022,취업률(%),74.342928661
강릉영동대학교,전문대학,강원,사립,기존,2022,취업자,594
강릉영동대학교,전문대학,강원,사립,기존,2022,예외자,109
강릉영동대학교,전문대학,강원,사립,기존,2022,졸업자,908
강원관광대학교,전문대학,강원,사립,폐교,2022,취업률(%),69.615384615
강원관광대학교,전문대학,강원,사립,폐교,2022,취업자,181
강원관광대학교,전문대학,강원,사립,폐교,2022,예외자,25
강원관광대학교,전문대학,강원,사립,폐교,2022,졸업자,285
강원도립대학교,전문대학,강원,공립,기존,2024,취업률(%),63.874345550
강원도립대학교,전문대학,강원,공립,기존,2024,취업자,122
강원도립대학교,전문대학,강원,공립,기존,2024,예외자,50
강원도립대학교,전문대학,강원,공립,기존,2024,졸업자,241
강원도립대학교,전문대학,강원,공립,기존,2023,취업률(%),69.677419355
강원도립대학교,전문대학,강원,공립,기존,2023,취업자,108
강원도립대학교,전문대학,강원,공립,기존,2023,예외자,30
강원도립대학교,전문대학,강원,공립,기존,2023,졸업자,185
강원도립대학교,전문대학,강원,공립,기존,2022,취업률(%),57.142857143
강원도립대학교,전문대학,강원,공립,기존,2022,취업자,96
강원도립대학교,전문대학,강원,공립,기존,2022,예외자,39
강원도립대학교,전문대학,강원,공립,기존,2022,졸업자,207
거제대학교,전문대학,경남,사립,기존,2024,취업률(%),77.307692308
거제대학교,전문대학,경남,사립,기존,2024,취업자,201
거제대학교,전문대학,경남,사립,기존,2024,예외자,65
거제대학교,전문대학,경남,사립,기존,2024,졸업자,325
거제대학교,전문대학,경남,사립,기존,2023,취업률(%),78.694158076
거제대학교,전문대학,경남,사립,기존,2023,취업자,229
거제대학교,전문대학,경남,사립,기존,2023,예외자,49
거제대학교,전문대학,경남,사립,기존,2023,졸업자,340
거제대학교,전문대학,경남,사립,기존,2022,취업률(%),76.948051948
거제대학교,전문대학,경남,사립,기존,2022,취업자,237
거제대학교,전문대학,경남,사립,기존,2022,예외자,62
거제대학교,전문대학,경남,사립,기존,2022,졸업자,370
경기과학기술대학교,전문대학,경기,사립,기존,2024,취업률(%),69.664525339
경기과학기술대학교,전문대학,경기,사립,기존,2024,취업자,976
경기과학기술대학교,전문대학,경기,사립,기존,2024,예외자,359
경기과학기술대학교,전문대학,경기,사립,기존,2024,졸업자,1760
경기과학기술대학교,전문대학,경기,사립,기존,2023,취업률(%),71.465131158
경기과학기술대학교,전문대학,경기,사립,기존,2023,취업자,1117
경기과학기술대학교,전문대학,경기,사립,기존,2023,예외자,266
경기과학기술대학교,전문대학,경기,사립,기존,2023,졸업자,1829
경기과학기술대학교,전문대학,경기,사립,기존,2022,취업률(%),71.523982999
경기과학기술대학교,전문대학,경기,사립,기존,2022,취업자,1178
경기과학기술대학교,전문대학,경기,사립,기존,2022,예외자,226
경기과학기술대학교,전문대학,경기,사립,기존,2022,졸업자,1873
경남도립거창대학,전문대학,경남,공립,기존,2024,취업률(%),75.272727273
경남도립거창대학,전문대학,경남,공립,기존,2024,취업자,207
경남도립거창대학,전문대학,경남,공립,기존,2024,예외자,25
경남도립거창대학,전문대학,경남,공립,기존,2024,졸업자,300
경남도립거창대학,전문대학,경남,공립,기존,2023,취업률(%),73.605947955
경남도립거창대학,전문대학,경남,공립,기존,2023,취업자,198
경남도립거창대학,전문대학,경남,공립,기존,2023,예외자,53
경남도립거창대학,전문대학,경남,공립,기존,2023,졸업자,322
경남도립거창대학,전문대학,경남,공립,기존,2022,취업률(%),69.565217391
경남도립거창대학,전문대학,경남,공립,기존,2022,취업자,176
경남도립거창대학,전문대학,경남,공립,기존,2022,예외자,41
경남도립거창대학,전문대학,경남,공립,기존,2022,졸업자,294
경남도립남해대학,전문대학,경남,공립,기존,2024,취업률(%),74.721189591
경남도립남해대학,전문대학,경남,공립,기존,2024,취업자,201
경남도립남해대학,전문대학,경남,공립,기존,2024,예외자,23
경남도립남해대학,전문대학,경남,공립,기존,2024,졸업자,292
경남도립남해대학,전문대학,경남,공립,기존,2023,취업률(%),72.5
경남도립남해대학,전문대학,경남,공립,기존,2023,취업자,232
경남도립남해대학,전문대학,경남,공립,기존,2023,예외자,50
경남도립남해대학,전문대학,경남,공립,기존,2023,졸업자,370
경남도립남해대학,전문대학,경남,공립,기존,2022,취업률(%),69.361702128
경남도립남해대학,전문대학,경남,공립,기존,2022,취업자,163
경남도립남해대학,전문대학,경남,공립,기존,2022,예외자,37
경남도립남해대학,전문대학,경남,공립,기존,2022,졸업자,272
경남정보대학교,전문대학,부산,사립,기존,2024,취업률(%),72.940589116
경남정보대학교,전문대학,부산,사립,기존,2024,취업자,1461
경남정보대학교,전문대학,부산,사립,기존,2024,예외자,267
경남정보대학교,전문대학,부산,사립,기존,2024,졸업자,2270
경남정보대학교,전문대학,부산,사립,기존,2023,취업률(%),73.552123552
경남정보대학교,전문대학,부산,사립,기존,2023,취업자,1524
경남정보대학교,전문대학,부산,사립,기존,2023,예외자,308
경남정보대학교,전문대학,부산,사립,기존,2023,졸업자,2380
경남정보대학교,전문대학,부산,사립,기존,2022,취업률(%),73.156474820
경남정보대학교,전문대학,부산,사립,기존,2022,취업자,1627
경남정보대학교,전문대학,부산,사립,기존,2022,예외자,319
경남정보대학교,전문대학,부산,사립,기존,2022,졸업자,2543
경민대학교,전문대학,경기,사립,기존,2024,취업률(%),68.185584093
경민대학교,전문대학,경기,사립,기존,2024,취업자,823
경민대학교,전문대학,경기,사립,기존,2024,예외자,253
경민대학교,전문대학,경기,사립,기존,2024,졸업자,1460
경민대학교,전문대학,경기,사립,기존,2023,취업률(%),69.967266776
경민대학교,전문대학,경기,사립,기존,2023,취업자,855
경민대학교,전문대학,경기,사립,기존,2023,예외자,296
경민대학교,전문대학,경기,사립,기존,2023,졸업자,1518
경민대학교,전문대학,경기,사립,기존,2022,취업률(%),71.306818182
경민대학교,전문대학,경기,사립,기존,2022,취업자,1004
경민대학교,전문대학,경기,사립,기존,2022,예외자,249
경민대학교,전문대학,경기,사립,기존,2022,졸업자,1657
경복대학교,전문대학,경기,사립,기존,2024,취업률(%),82.091276719
경복대학교,전문대학,경기,사립,기존,2024,취업자,1421
경복대학교,전문대학,경기,사립,기존,2024,예외자,223
경복대학교,전문대학,경기,사립,기존,2024,졸업자,1954
경복대학교,전문대학,경기,사립,기존,2023,취업률(%),80.576713819
경복대학교,전문대학,경기,사립,기존,2023,취업자,1481
경복대학교,전문대학,경기,사립,기존,2023,예외자,271
경복대학교,전문대학,경기,사립,기존,2023,졸업자,2109
경복대학교,전문대학,경기,사립,기존,2022,취업률(%),79.323109466
경복대학교,전문대학,경기,사립,기존,2022,취업자,1500
경복대학교,전문대학,경기,사립,기존,2022,예외자,286
경복대학교,전문대학,경기,사립,기존,2022,졸업자,2177
경북과학대학교,전문대학,경북,사립,기존,2024,취업률(%),80.544747082
경북과학대학교,전문대학,경북,사립,기존,2024,취업자,414
경북과학대학교,전문대학,경북,사립,기존,2024,예외자,96
경북과학대학교,전문대학,경북,사립,기존,2024,졸업자,610
경북과학대학교,전문대학,경북,사립,기존,2023,취업률(%),75.117370892
경북과학대학교,전문대학,경북,사립,기존,2023,취업자,320
경북과학대학교,전문대학,경북,사립,기존,2023,예외자,289
경북과학대학교,전문대학,경북,사립,기존,2023,졸업자,715
경북과학대학교,전문대학,경북,사립,기존,2022,취업률(%),79.820627803
경북과학대학교,전문대학,경북,사립,기존,2022,취업자,356
경북과학대학교,전문대학,경북,사립,기존,2022,예외자,183
경북과학대학교,전문대학,경북,사립,기존,2022,졸업자,629
경북도립대학교,전문대학,경북,공립,폐교,2024,취업률(%),69.53125
경북도립대학교,전문대학,경북,공립,폐교,2024,취업자,178
경북도립대학교,전문대학,경북,공립,폐교,2024,예외자,28
경북도립대학교,전문대학,경북,공립,폐교,2024,졸업자,284
경북도립대학교,전문대학,경북,공립,폐교,2023,취업률(%),73.75
경북도립대학교,전문대학,경북,공립,폐교,2023,취업자,177
경북도립대학교,전문대학,경북,공립,폐교,2023,예외자,47
경북도립대학교,전문대학,경북,공립,폐교,2023,졸업자,287
경북도립대학교,전문대학,경북,공립,폐교,2022,취업률(%),75.210084034
경북도립대학교,전문대학,경북,공립,폐교,2022,취업자,179
경북도립대학교,전문대학,경북,공립,폐교,2022,예외자,47
경북도립대학교,전문대학,경북,공립,폐교,2022,졸업자,285
경북보건대학교,전문대학,경북,사립,기존,2024,취업률(%),77.602523659
경북보건대학교,전문대학,경북,사립,기존,2024,취업자,246
경북보건대학교,전문대학,경북,사립,기존,2024,예외자,9
경북보건대학교,전문대학,경북,사립,기존,2024,졸업자,326
경북보건대학교,전문대학,경북,사립,기존,2023,취업률(%),79.510703364
경북보건대학교,전문대학,경북,사립,기존,2023,취업자,260
경북보건대학교,전문대학,경북,사립,기존,2023,예외자,9
경북보건대학교,전문대학,경북,사립,기존,2023,졸업자,336
경북보건대학교,전문대학,경북,사립,기존,2022,취업률(%),75.903614458
경북보건대학교,전문대학,경북,사립,기존,2022,취업자,252
경북보건대학교,전문대학,경북,사립,기존,2022,예외자,8
경북보건대학교,전문대학,경북,사립,기존,2022,졸업자,340
경북전문대학교,전문대학,경북,사립,기존,2024,취업률(%),81.028571429
경북전문대학교,전문대학,경북,사립,기존,2024,취업자,709
경북전문대학교,전문대학,경북,사립,기존,2024,예외자,140
경북전문대학교,전문대학,경북,사립,기존,2024,졸업자,1015
경북전문대학교,전문대학,경북,사립,기존,2023,취업률(%),81.456200228
경북전문대학교,전문대학,경북,사립,기존,2023,취업자,716
경북전문대학교,전문대학,경북,사립,기존,2023,예외자,150
경북전문대학교,전문대학,경북,사립,기존,2023,졸업자,1029
경북전문대학교,전문대학,경북,사립,기존,2022,취업률(%),78.935939197
경북전문대학교,전문대학,경북,사립,기존,2022,취업자,727
경북전문대학교,전문대학,경북,사립,기존,2022,예외자,195
경북전문대학교,전문대학,경북,사립,기존,2022,졸업자,1116
경인여자대학교,전문대학,인천,사립,기존,2024,취업률(%),65.284974093
경인여자대학교,전문대학,인천,사립,기존,2024,취업자,882
경인여자대학교,전문대학,인천,사립,기존,2024,예외자,204
경인여자대학교,전문대학,인천,사립,기존,2024,졸업자,1555
경인여자대학교,전문대학,인천,사립,기존,2023,취업률(%),68.651608487
경인여자대학교,전문대학,인천,사립,기존,2023,취업자,1003
경인여자대학교,전문대학,인천,사립,기존,2023,예외자,291
경인여자대학교,전문대학,인천,사립,기존,2023,졸업자,1752
경인여자대학교,전문대학,인천,사립,기존,2022,취업률(%),71.392879450
경인여자대학교,전문대학,인천,사립,기존,2022,취업자,1143
경인여자대학교,전문대학,인천,사립,기존,2022,예외자,293
경인여자대학교,전문대학,인천,사립,기존,2022,졸업자,1894
계명문화대학교,전문대학,대구,사립,기존,2024,취업률(%),62.352122477
계명문화대학교,전문대학,대구,사립,기존,2024,취업자,896
계명문화대학교,전문대학,대구,사립,기존,2024,예외자,258
계명문화대학교,전문대학,대구,사립,기존,2024,졸업자,1695
계명문화대학교,전문대학,대구,사립,기존,2023,취업률(%),62.076271186
계명문화대학교,전문대학,대구,사립,기존,2023,취업자,879
계명문화대학교,전문대학,대구,사립,기존,2023,예외자,458
계명문화대학교,전문대학,대구,사립,기존,2023,졸업자,1874
계명문화대학교,전문대학,대구,사립,기존,2022,취업률(%),64.196762142
계명문화대학교,전문대학,대구,사립,기존,2022,취업자,1031
계명문화대학교,전문대학,대구,사립,기존,2022,예외자,387
계명문화대학교,전문대학,대구,사립,기존,2022,졸업자,1993
계원예술대학교,전문대학,경기,사립,기존,2024,취업률(%),59.866220736
계원예술대학교,전문대학,경기,사립,기존,2024,취업자,537
계원예술대학교,전문대학,경기,사립,기존,2024,예외자,195
계원예술대학교,전문대학,경기,사립,기존,2024,졸업자,1092
계원예술대학교,전문대학,경기,사립,기존,2023,취업률(%),62.247191011
계원예술대학교,전문대학,경기,사립,기존,2023,취업자,554
계원예술대학교,전문대학,경기,사립,기존,2023,예외자,195
계원예술대학교,전문대학,경기,사립,기존,2023,졸업자,1085
계원예술대학교,전문대학,경기,사립,기존,2022,취업률(%),66.600790514
계원예술대학교,전문대학,경기,사립,기존,2022,취업자,674
계원예술대학교,전문대학,경기,사립,기존,2022,예외자,160
계원예술대학교,전문대학,경기,사립,기존,2022,졸업자,1172
광양보건대학교,전문대학,전남,사립,기존,2024,취업률(%),73.076923077
광양보건대학교,전문대학,전남,사립,기존,2024,취업자,38
광양보건대학교,전문대학,전남,사립,기존,2024,예외자,6
광양보건대학교,전문대학,전남,사립,기존,2024,졸업자,58
광양보건대학교,전문대학,전남,사립,기존,2023,취업률(%),68.253968254
광양보건대학교,전문대학,전남,사립,기존,2023,취업자,43
광양보건대학교,전문대학,전남,사립,기존,2023,예외자,5
광양보건대학교,전문대학,전남,사립,기존,2023,졸업자,68
광양보건대학교,전문대학,전남,사립,기존,2022,취업률(%),75.138121547
광양보건대학교,전문대학,전남,사립,기존,2022,취업자,136
광양보건대학교,전문대학,전남,사립,기존,2022,예외자,58
광양보건대학교,전문대학,전남,사립,기존,2022,졸업자,239
광주보건대학교,전문대학,광주,사립,기존,2024,취업률(%),74.889867841
광주보건대학교,전문대학,광주,사립,기존,2024,취업자,850
광주보건대학교,전문대학,광주,사립,기존,2024,예외자,85
광주보건대학교,전문대학,광주,사립,기존,2024,졸업자,1220
광주보건대학교,전문대학,광주,사립,기존,2023,취업률(%),75.021834061
광주보건대학교,전문대학,광주,사립,기존,2023,취업자,859
광주보건대학교,전문대학,광주,사립,기존,2023,예외자,104
광주보건대학교,전문대학,광주,사립,기존,2023,졸업자,1249
광주보건대학교,전문대학,광주,사립,기존,2022,취업률(%),78.595041322
광주보건대학교,전문대학,광주,사립,기존,2022,취업자,951
광주보건대학교,전문대학,광주,사립,기존,2022,예외자,84
광주보건대학교,전문대학,광주,사립,기존,2022,졸업자,1294
구미대학교,전문대학,경북,사립,기존,2024,취업률(%),76.655251142
구미대학교,전문대학,경북,사립,기존,2024,취업자,1343
구미대학교,전문대학,경북,사립,기존,2024,예외자,185
구미대학교,전문대학,경북,사립,기존,2024,졸업자,1937
구미대학교,전문대학,경북,사립,기존,2023,취업률(%),78.725761773
구미대학교,전문대학,경북,사립,기존,2023,취업자,1421
구미대학교,전문대학,경북,사립,기존,2023,예외자,173
구미대학교,전문대학,경북,사립,기존,2023,졸업자,1978
구미대학교,전문대학,경북,사립,기존,2022,취업률(%),78.555555556
구미대학교,전문대학,경북,사립,기존,2022,취업자,1414
구미대학교,전문대학,경북,사립,기존,2022,예외자,202
구미대학교,전문대학,경북,사립,기존,2022,졸업자,2002
국제대학교,전문대학,경기,사립,기존,2024,취업률(%),67.692307692
국제대학교,전문대학,경기,사립,기존,2024,취업자,528
국제대학교,전문대학,경기,사립,기존,2024,예외자,210
국제대학교,전문대학,경기,사립,기존,2024,졸업자,990
국제대학교,전문대학,경기,사립,기존,2023,취업률(%),66.263736264
국제대학교,전문대학,경기,사립,기존,2023,취업자,603
국제대학교,전문대학,경기,사립,기존,2023,예외자,272
국제대학교,전문대학,경기,사립,기존,2023,졸업자,1182
국제대학교,전문대학,경기,사립,기존,2022,취업률(%),68.142361111
국제대학교,전문대학,경기,사립,기존,2022,취업자,785
국제대학교,전문대학,경기,사립,기존,2022,예외자,333
국제대학교,전문대학,경기,사립,기존,2022,졸업자,1485
군산간호대학교,전문대학,전북,사립,기존,2024,취업률(%),77.238805970
군산간호대학교,전문대학,전북,사립,기존,2024,취업자,207
군산간호대학교,전문대학,전북,사립,기존,2024,예외자,3
군산간호대학교,전문대학,전북,사립,기존,2024,졸업자,271
군산간호대학교,전문대학,전북,사립,기존,2023,취업률(%),83.643122677
군산간호대학교,전문대학,전북,사립,기존,2023,취업자,225
군산간호대학교,전문대학,전북,사립,기존,2023,예외자,2
군산간호대학교,전문대학,전북,사립,기존,2023,졸업자,271
군산간호대학교,전문대학,전북,사립,기존,2022,취업률(%),85.263157895
군산간호대학교,전문대학,전북,사립,기존,2022,취업자,243
군산간호대학교,전문대학,전북,사립,기존,2022,예외자,0
군산간호대학교,전문대학,전북,사립,기존,2022,졸업자,285
군장대학교,전문대학,전북,사립,기존,2024,취업률(%),76.086956522
군장대학교,전문대학,전북,사립,기존,2024,취업자,385
군장대학교,전문대학,전북,사립,기존,2024,예외자,99
군장대학교,전문대학,전북,사립,기존,2024,졸업자,605
군장대학교,전문대학,전북,사립,기존,2023,취업률(%),72.982456140
군장대학교,전문대학,전북,사립,기존,2023,취업자,416
군장대학교,전문대학,전북,사립,기존,2023,예외자,182
군장대학교,전문대학,전북,사립,기존,2023,졸업자,752
군장대학교,전문대학,전북,사립,기존,2022,취업률(%),72.240259740
군장대학교,전문대학,전북,사립,기존,2022,취업자,445
군장대학교,전문대학,전북,사립,기존,2022,예외자,147
군장대학교,전문대학,전북,사립,기존,2022,졸업자,763
기독간호대학교,전문대학,광주,사립,기존,2024,취업률(%),85.314685315
기독간호대학교,전문대학,광주,사립,기존,2024,취업자,122
기독간호대학교,전문대학,광주,사립,기존,2024,예외자,1
기독간호대학교,전문대학,광주,사립,기존,2024,졸업자,144
기독간호대학교,전문대학,광주,사립,기존,2023,취업률(%),73.648648649
기독간호대학교,전문대학,광주,사립,기존,2023,취업자,109
기독간호대학교,전문대학,광주,사립,기존,2023,예외자,1
기독간호대학교,전문대학,광주,사립,기존,2023,졸업자,149
기독간호대학교,전문대학,광주,사립,기존,2022,취업률(%),82.876712329
기독간호대학교,전문대학,광주,사립,기존,2022,취업자,121
기독간호대학교,전문대학,광주,사립,기존,2022,예외자,1
기독간호대학교,전문대학,광주,사립,기존,2022,졸업자,147
김포대학교,전문대학,경기,사립,기존,2024,취업률(%),66.006600660
김포대학교,전문대학,경기,사립,기존,2024,취업자,400
김포대학교,전문대학,경기,사립,기존,2024,예외자,126
김포대학교,전문대학,경기,사립,기존,2024,졸업자,732
김포대학교,전문대학,경기,사립,기존,2023,취업률(%),64.110429448
김포대학교,전문대학,경기,사립,기존,2023,취업자,627
김포대학교,전문대학,경기,사립,기존,2023,예외자,185
김포대학교,전문대학,경기,사립,기존,2023,졸업자,1163
김포대학교,전문대학,경기,사립,기존,2022,취업률(%),64.16015625
김포대학교,전문대학,경기,사립,기존,2022,취업자,657
김포대학교,전문대학,경기,사립,기존,2022,예외자,197
김포대학교,전문대학,경기,사립,기존,2022,졸업자,1221
김해대학교,전문대학,경남,사립,기존,2024,취업률(%),78.708133971
김해대학교,전문대학,경남,사립,기존,2024,취업자,329
김해대학교,전문대학,경남,사립,기존,2024,예외자,32
김해대학교,전문대학,경남,사립,기존,2024,졸업자,450
김해대학교,전문대학,경남,사립,기존,2023,취업률(%),81.286549708
김해대학교,전문대학,경남,사립,기존,2023,취업자,278
김해대학교,전문대학,경남,사립,기존,2023,예외자,43
김해대학교,전문대학,경남,사립,기존,2023,졸업자,385
김해대학교,전문대학,경남,사립,기존,2022,취업률(%),77.34375
김해대학교,전문대학,경남,사립,기존,2022,취업자,297
김해대학교,전문대학,경남,사립,기존,2022,예외자,53
김해대학교,전문대학,경남,사립,기존,2022,졸업자,437
나주대학교,전문대학,전남,사립,기존,2024,취업률(%),82.413087935
나주대학교,전문대학,전남,사립,기존,2024,취업자,403
나주대학교,전문대학,전남,사립,기존,2024,예외자,13
나주대학교,전문대학,전남,사립,기존,2024,졸업자,502
나주대학교,전문대학,전남,사립,기존,2023,취업률(%),74.491682070
나주대학교,전문대학,전남,사립,기존,2023,취업자,403
나주대학교,전문대학,전남,사립,기존,2023,예외자,48
나주대학교,전문대학,전남,사립,기존,2023,졸업자,589
나주대학교,전문대학,전남,사립,기존,2022,취업률(%),77.166666667
나주대학교,전문대학,전남,사립,기존,2022,취업자,463
나주대학교,전문대학,전남,사립,기존,2022,예외자,51
나주대학교,전문대학,전남,사립,기존,2022,졸업자,651
농협대학교,전문대학,경기,사립,기존,2024,취업률(%),90.425531915
농협대학교,전문대학,경기,사립,기존,2024,취업자,85
농협대학교,전문대학,경기,사립,기존,2024,예외자,0
농협대학교,전문대학,경기,사립,기존,2024,졸업자,94
농협대학교,전문대학,경기,사립,기존,2023,취업률(%),93.529411765
농협대학교,전문대학,경기,사립,기존,2023,취업자,159
농협대학교,전문대학,경기,사립,기존,2023,예외자,2
농협대학교,전문대학,경기,사립,기존,2023,졸업자,172
농협대학교,전문대학,경기,사립,기존,2022,취업률(%),92.024539877
농협대학교,전문대학,경기,사립,기존,2022,취업자,150
농협대학교,전문대학,경기,사립,기존,2022,예외자,0
농협대학교,전문대학,경기,사립,기존,2022,졸업자,163
대경대학교,전문대학,경북,사립,기존,2024,취업률(%),72.231270358
대경대학교,전문대학,경북,사립,기존,2024,취업자,887
대경대학교,전문대학,경북,사립,기존,2024,예외자,207
대경대학교,전문대학,경북,사립,기존,2024,졸업자,1435
대경대학교,전문대학,경북,사립,기존,2023,취업률(%),74.428822496
대경대학교,전문대학,경북,사립,기존,2023,취업자,847
대경대학교,전문대학,경북,사립,기존,2023,예외자,253
대경대학교,전문대학,경북,사립,기존,2023,졸업자,1391
대경대학교,전문대학,경북,사립,기존,2022,취업률(%),74.456993918
대경대학교,전문대학,경북,사립,기존,2022,취업자,857
대경대학교,전문대학,경북,사립,기존,2022,예외자,263
대경대학교,전문대학,경북,사립,기존,2022,졸업자,1414
대구공업대학교,전문대학,대구,사립,기존,2024,취업률(%),68.779342723
대구공업대학교,전문대학,대구,사립,기존,2024,취업자,293
대구공업대학교,전문대학,대구,사립,기존,2024,예외자,195
대구공업대학교,전문대학,대구,사립,기존,2024,졸업자,621
대구공업대학교,전문대학,대구,사립,기존,2023,취업률(%),67.833698031
대구공업대학교,전문대학,대구,사립,기존,2023,취업자,310
대구공업대학교,전문대학,대구,사립,기존,2023,예외자,326
대구공업대학교,전문대학,대구,사립,기존,2023,졸업자,783
대구공업대학교,전문대학,대구,사립,기존,2022,취업률(%),67.263843648
대구공업대학교,전문대학,대구,사립,기존,2022,취업자,413
대구공업대학교,전문대학,대구,사립,기존,2022,예외자,185
대구공업대학교,전문대학,대구,사립,기존,2022,졸업자,799
대구과학대학교,전문대학,대구,사립,기존,2024,취업률(%),75.829725830
대구과학대학교,전문대학,대구,사립,기존,2024,취업자,1051
대구과학대학교,전문대학,대구,사립,기존,2024,예외자,126
대구과학대학교,전문대학,대구,사립,기존,2024,졸업자,1512
대구과학대학교,전문대학,대구,사립,기존,2023,취업률(%),73.830293418
대구과학대학교,전문대학,대구,사립,기존,2023,취업자,931
대구과학대학교,전문대학,대구,사립,기존,2023,예외자,173
대구과학대학교,전문대학,대구,사립,기존,2023,졸업자,1434
대구과학대학교,전문대학,대구,사립,기존,2022,취업률(%),72.954014030
대구과학대학교,전문대학,대구,사립,기존,2022,취업자,936
대구과학대학교,전문대학,대구,사립,기존,2022,예외자,196
대구과학대학교,전문대학,대구,사립,기존,2022,졸업자,1479
대구보건대학교,전문대학,대구,사립,기존,2024,취업률(%),77.677296525
대구보건대학교,전문대학,대구,사립,기존,2024,취업자,1632
대구보건대학교,전문대학,대구,사립,기존,2024,예외자,187
대구보건대학교,전문대학,대구,사립,기존,2024,졸업자,2288
대구보건대학교,전문대학,대구,사립,기존,2023,취업률(%),76.796618131
대구보건대학교,전문대학,대구,사립,기존,2023,취업자,1635
대구보건대학교,전문대학,대구,사립,기존,2023,예외자,216
대구보건대학교,전문대학,대구,사립,기존,2023,졸업자,2345
대구보건대학교,전문대학,대구,사립,기존,2022,취업률(%),77.731287773
대구보건대학교,전문대학,대구,사립,기존,2022,취업자,1672
대구보건대학교,전문대학,대구,사립,기존,2022,예외자,249
대구보건대학교,전문대학,대구,사립,기존,2022,졸업자,2400
대덕대학교,전문대학,대전,사립,기존,2024,취업률(%),71.725239617
대덕대학교,전문대학,대전,사립,기존,2024,취업자,449
대덕대학교,전문대학,대전,사립,기존,2024,예외자,169
대덕대학교,전문대학,대전,사립,기존,2024,졸업자,795
대덕대학교,전문대학,대전,사립,기존,2023,취업률(%),72.082878953
대덕대학교,전문대학,대전,사립,기존,2023,취업자,661
대덕대학교,전문대학,대전,사립,기존,2023,예외자,221
대덕대학교,전문대학,대전,사립,기존,2023,졸업자,1138
대덕대학교,전문대학,대전,사립,기존,2022,취업률(%),70.551601423
대덕대학교,전문대학,대전,사립,기존,2022,취업자,793
대덕대학교,전문대학,대전,사립,기존,2022,예외자,308
대덕대학교,전문대학,대전,사립,기존,2022,졸업자,1432
대동대학교,전문대학,부산,사립,기존,2024,취업률(%),77.746478873
대동대학교,전문대학,부산,사립,기존,2024,취업자,276
대동대학교,전문대학,부산,사립,기존,2024,예외자,10
대동대학교,전문대학,부산,사립,기존,2024,졸업자,365
대동대학교,전문대학,부산,사립,기존,2023,취업률(%),73.953488372
대동대학교,전문대학,부산,사립,기존,2023,취업자,318
대동대학교,전문대학,부산,사립,기존,2023,예외자,29
대동대학교,전문대학,부산,사립,기존,2023,졸업자,459
대동대학교,전문대학,부산,사립,기존,2022,취업률(%),75.189873418
대동대학교,전문대학,부산,사립,기존,2022,취업자,297
대동대학교,전문대학,부산,사립,기존,2022,예외자,38
대동대학교,전문대학,부산,사립,기존,2022,졸업자,433
대림대학교,전문대학,경기,사립,기존,2024,취업률(%),79.758828596
대림대학교,전문대학,경기,사립,기존,2024,취업자,1852
대림대학교,전문대학,경기,사립,기존,2024,예외자,327
대림대학교,전문대학,경기,사립,기존,2024,졸업자,2649
대림대학교,전문대학,경기,사립,기존,2023,취업률(%),80.541760722
대림대학교,전문대학,경기,사립,기존,2023,취업자,1784
대림대학교,전문대학,경기,사립,기존,2023,예외자,286
대림대학교,전문대학,경기,사립,기존,2023,졸업자,2501
대림대학교,전문대학,경기,사립,기존,2022,취업률(%),80.648811769
대림대학교,전문대학,경기,사립,기존,2022,취업자,2138
대림대학교,전문대학,경기,사립,기존,2022,예외자,291
대림대학교,전문대학,경기,사립,기존,2022,졸업자,2942
대원대학교,전문대학,충북,사립,기존,2024,취업률(%),78.052805281
대원대학교,전문대학,충북,사립,기존,2024,취업자,473
대원대학교,전문대학,충북,사립,기존,2024,예외자,66
대원대학교,전문대학,충북,사립,기존,2024,졸업자,672
대원대학교,전문대학,충북,사립,기존,2023,취업률(%),76.426426426
대원대학교,전문대학,충북,사립,기존,2023,취업자,509
대원대학교,전문대학,충북,사립,기존,2023,예외자,123
대원대학교,전문대학,충북,사립,기존,2023,졸업자,789
대원대학교,전문대학,충북,사립,기존,2022,취업률(%),74.522292994
대원대학교,전문대학,충북,사립,기존,2022,취업자,585
대원대학교,전문대학,충북,사립,기존,2022,예외자,121
대원대학교,전문대학,충북,사립,기존,2022,졸업자,906
대전과학기술대학교,전문대학,대전,사립,기존,2024,취업률(%),70.387038704
대전과학기술대학교,전문대학,대전,사립,기존,2024,취업자,782
대전과학기술대학교,전문대학,대전,사립,기존,2024,예외자,200
대전과학기술대학교,전문대학,대전,사립,기존,2024,졸업자,1311
대전과학기술대학교,전문대학,대전,사립,기존,2023,취업률(%),74.608695652
대전과학기술대학교,전문대학,대전,사립,기존,2023,취업자,858
대전과학기술대학교,전문대학,대전,사립,기존,2023,예외자,234
대전과학기술대학교,전문대학,대전,사립,기존,2023,졸업자,1384
대전과학기술대학교,전문대학,대전,사립,기존,2022,취업률(%),73.913043478
대전과학기술대학교,전문대학,대전,사립,기존,2022,취업자,1020
대전과학기술대학교,전문대학,대전,사립,기존,2022,예외자,197
대전과학기술대학교,전문대학,대전,사립,기존,2022,졸업자,1577
대전보건대학교,전문대학,대전,사립,기존,2024,취업률(%),75
대전보건대학교,전문대학,대전,사립,기존,2024,취업자,1104
대전보건대학교,전문대학,대전,사립,기존,2024,예외자,187
대전보건대학교,전문대학,대전,사립,기존,2024,졸업자,1659
대전보건대학교,전문대학,대전,사립,기존,2023,취업률(%),76.149068323
대전보건대학교,전문대학,대전,사립,기존,2023,취업자,1226
대전보건대학교,전문대학,대전,사립,기존,2023,예외자,222
대전보건대학교,전문대학,대전,사립,기존,2023,졸업자,1832
대전보건대학교,전문대학,대전,사립,기존,2022,취업률(%),78.156424581
대전보건대학교,전문대학,대전,사립,기존,2022,취업자,1399
대전보건대학교,전문대학,대전,사립,기존,2022,예외자,205
대전보건대학교,전문대학,대전,사립,기존,2022,졸업자,1995
동강대학교,전문대학,광주,사립,기존,2024,취업률(%),74.316939891
동강대학교,전문대학,광주,사립,기존,2024,취업자,544
동강대학교,전문대학,광주,사립,기존,2024,예외자,106
동강대학교,전문대학,광주,사립,기존,2024,졸업자,838
동강대학교,전문대학,광주,사립,기존,2023,취업률(%),73.533083645
동강대학교,전문대학,광주,사립,기존,2023,취업자,589
동강대학교,전문대학,광주,사립,기존,2023,예외자,151
동강대학교,전문대학,광주,사립,기존,2023,졸업자,952
동강대학교,전문대학,광주,사립,기존,2022,취업률(%),70.077007701
동강대학교,전문대학,광주,사립,기존,2022,취업자,637
동강대학교,전문대학,광주,사립,기존,2022,예외자,141
동강대학교,전문대학,광주,사립,기존,2022,졸업자,1050
동남보건대학교,전문대학,경기,사립,기존,2024,취업률(%),75.977653631
동남보건대학교,전문대학,경기,사립,기존,2024,취업자,1088
동남보건대학교,전문대학,경기,사립,기존,2024,예외자,123
동남보건대학교,전문대학,경기,사립,기존,2024,졸업자,1555
동남보건대학교,전문대학,경기,사립,기존,2023,취업률(%),75.844716032
동남보건대학교,전문대학,경기,사립,기존,2023,취업자,1055
동남보건대학교,전문대학,경기,사립,기존,2023,예외자,105
동남보건대학교,전문대학,경기,사립,기존,2023,졸업자,1496
동남보건대학교,전문대학,경기,사립,기존,2022,취업률(%),77.363344051
동남보건대학교,전문대학,경기,사립,기존,2022,취업자,1203
동남보건대학교,전문대학,경기,사립,기존,2022,예외자,89
동남보건대학교,전문대학,경기,사립,기존,2022,졸업자,1644
동서울대학교,전문대학,경기,사립,기존,2024,취업률(%),67.453917051
동서울대학교,전문대학,경기,사립,기존,2024,취업자,1171
동서울대학교,전문대학,경기,사립,기존,2024,예외자,381
동서울대학교,전문대학,경기,사립,기존,2024,졸업자,2117
동서울대학교,전문대학,경기,사립,기존,2023,취업률(%),68.222722160
동서울대학교,전문대학,경기,사립,기존,2023,취업자,1213
동서울대학교,전문대학,경기,사립,기존,2023,예외자,452
동서울대학교,전문대학,경기,사립,기존,2023,졸업자,2230
동서울대학교,전문대학,경기,사립,기존,2022,취업률(%),66.810344828
동서울대학교,전문대학,경기,사립,기존,2022,취업자,1240
동서울대학교,전문대학,경기,사립,기존,2022,예외자,349
동서울대학교,전문대학,경기,사립,기존,2022,졸업자,2205
동아방송예술대학교,전문대학,경기,사립,기존,2024,취업률(%),69.447576099
동아방송예술대학교,전문대학,경기,사립,기존,2024,취업자,616
동아방송예술대학교,전문대학,경기,사립,기존,2024,예외자,125
동아방송예술대학교,전문대학,경기,사립,기존,2024,졸업자,1012
동아방송예술대학교,전문대학,경기,사립,기존,2023,취업률(%),72.274881517
동아방송예술대학교,전문대학,경기,사립,기존,2023,취업자,610
동아방송예술대학교,전문대학,경기,사립,기존,2023,예외자,147
동아방송예술대학교,전문대학,경기,사립,기존,2023,졸업자,991
동아방송예술대학교,전문대학,경기,사립,기존,2022,취업률(%),71.367521368
동아방송예술대학교,전문대학,경기,사립,기존,2022,취업자,668
동아방송예술대학교,전문대학,경기,사립,기존,2022,예외자,124
동아방송예술대학교,전문대학,경기,사립,기존,2022,졸업자,1060
동아보건대학교,전문대학,전남,사립,기존,2024,취업률(%),75.265957447
동아보건대학교,전문대학,전남,사립,기존,2024,취업자,283
동아보건대학교,전문대학,전남,사립,기존,2024,예외자,21
동아보건대학교,전문대학,전남,사립,기존,2024,졸업자,397
동아보건대학교,전문대학,전남,사립,기존,2023,취업률(%),72.771084337
동아보건대학교,전문대학,전남,사립,기존,2023,취업자,302
동아보건대학교,전문대학,전남,사립,기존,2023,예외자,44
동아보건대학교,전문대학,전남,사립,기존,2023,졸업자,459
동아보건대학교,전문대학,전남,사립,기존,2022,취업률(%),66.457023061
동아보건대학교,전문대학,전남,사립,기존,2022,취업자,317
동아보건대학교,전문대학,전남,사립,기존,2022,예외자,56
동아보건대학교,전문대학,전남,사립,기존,2022,졸업자,533
동양미래대학교,전문대학,서울,사립,기존,2024,취업률(%),67.793240557
동양미래대학교,전문대학,서울,사립,기존,2024,취업자,1364
동양미래대학교,전문대학,서울,사립,기존,2024,예외자,326
동양미래대학교,전문대학,서울,사립,기존,2024,졸업자,2338
동양미래대학교,전문대학,서울,사립,기존,2023,취업률(%),67.544279560
동양미래대학교,전문대학,서울,사립,기존,2023,취업자,1411
동양미래대학교,전문대학,서울,사립,기존,2023,예외자,320
동양미래대학교,전문대학,서울,사립,기존,2023,졸업자,2409
동양미래대학교,전문대학,서울,사립,기존,2022,취업률(%),73.080524345
동양미래대학교,전문대학,서울,사립,기존,2022,취업자,1561
동양미래대학교,전문대학,서울,사립,기존,2022,예외자,331
동양미래대학교,전문대학,서울,사립,기존,2022,졸업자,2467
동원과학기술대학교,전문대학,경남,사립,기존,2024,취업률(%),77.650429799
동원과학기술대학교,전문대학,경남,사립,기존,2024,취업자,542
동원과학기술대학교,전문대학,경남,사립,기존,2024,예외자,184
동원과학기술대학교,전문대학,경남,사립,기존,2024,졸업자,882
동원과학기술대학교,전문대학,경남,사립,기존,2023,취업률(%),76.721763085
동원과학기술대학교,전문대학,경남,사립,기존,2023,취업자,557
동원과학기술대학교,전문대학,경남,사립,기존,2023,예외자,167
동원과학기술대학교,전문대학,경남,사립,기존,2023,졸업자,893
동원과학기술대학교,전문대학,경남,사립,기존,2022,취업률(%),75.448275862
동원과학기술대학교,전문대학,경남,사립,기존,2022,취업자,547
동원과학기술대학교,전문대학,경남,사립,기존,2022,예외자,163
동원과학기술대학교,전문대학,경남,사립,기존,2022,졸업자,888
동원대학교,전문대학,경기,사립,기존,2024,취업률(%),69.613259669
동원대학교,전문대학,경기,사립,기존,2024,취업자,630
동원대학교,전문대학,경기,사립,기존,2024,예외자,114
동원대학교,전문대학,경기,사립,기존,2024,졸업자,1019
동원대학교,전문대학,경기,사립,기존,2023,취업률(%),70.588235294
동원대학교,전문대학,경기,사립,기존,2023,취업자,720
동원대학교,전문대학,경기,사립,기존,2023,예외자,173
동원대학교,전문대학,경기,사립,기존,2023,졸업자,1193
동원대학교,전문대학,경기,사립,기존,2022,취업률(%),67.263427110
동원대학교,전문대학,경기,사립,기존,2022,취업자,789
동원대학교,전문대학,경기,사립,기존,2022,예외자,237
동원대학교,전문대학,경기,사립,기존,2022,졸업자,1410
동의과학대학교,전문대학,부산,사립,기존,2024,취업률(%),74.573758340
동의과학대학교,전문대학,부산,사립,기존,2024,취업자,1006
동의과학대학교,전문대학,부산,사립,기존,2024,예외자,188
동의과학대학교,전문대학,부산,사립,기존,2024,졸업자,1537
동의과학대학교,전문대학,부산,사립,기존,2023,취업률(%),73.111573112
동의과학대학교,전문대학,부산,사립,기존,2023,취업자,1055
동의과학대학교,전문대학,부산,사립,기존,2023,예외자,261
동의과학대학교,전문대학,부산,사립,기존,2023,졸업자,1704
동의과학대학교,전문대학,부산,사립,기존,2022,취업률(%),74.441087613
동의과학대학교,전문대학,부산,사립,기존,2022,취업자,1232
동의과학대학교,전문대학,부산,사립,기존,2022,예외자,270
동의과학대학교,전문대학,부산,사립,기존,2022,졸업자,1925
두원공과대학교,전문대학,경기,사립,기존,2024,취업률(%),69.696969697
두원공과대학교,전문대학,경기,사립,기존,2024,취업자,621
두원공과대학교,전문대학,경기,사립,기존,2024,예외자,58
두원공과대학교,전문대학,경기,사립,기존,2024,졸업자,949
두원공과대학교,전문대학,경기,사립,기존,2023,취업률(%),70.169189671
두원공과대학교,전문대학,경기,사립,기존,2023,취업자,788
두원공과대학교,전문대학,경기,사립,기존,2023,예외자,105
두원공과대학교,전문대학,경기,사립,기존,2023,졸업자,1228
두원공과대학교,전문대학,경기,사립,기존,2022,취업률(%),70.886075949
두원공과대학교,전문대학,경기,사립,기존,2022,취업자,1008
두원공과대학교,전문대학,경기,사립,기존,2022,예외자,150
두원공과대학교,전문대학,경기,사립,기존,2022,졸업자,1572
마산대학교,전문대학,경남,사립,기존,2024,취업률(%),76.084183673
마산대학교,전문대학,경남,사립,기존,2024,취업자,1193
마산대학교,전문대학,경남,사립,기존,2024,예외자,182
마산대학교,전문대학,경남,사립,기존,2024,졸업자,1750
마산대학교,전문대학,경남,사립,기존,2023,취업률(%),76.748466258
마산대학교,전문대학,경남,사립,기존,2023,취업자,1251
마산대학교,전문대학,경남,사립,기존,2023,예외자,174
마산대학교,전문대학,경남,사립,기존,2023,졸업자,1804
마산대학교,전문대학,경남,사립,기존,2022,취업률(%),77.172061329
마산대학교,전문대학,경남,사립,기존,2022,취업자,1359
마산대학교,전문대학,경남,사립,기존,2022,예외자,125
마산대학교,전문대학,경남,사립,기존,2022,졸업자,1886
명지전문대학,전문대학,서울,사립,기존,2024,취업률(%),64.732965009
명지전문대학,전문대학,서울,사립,기존,2024,취업자,1406
명지전문대학,전문대학,서울,사립,기존,2024,예외자,425
명지전문대학,전문대학,서울,사립,기존,2024,졸업자,2597
명지전문대학,전문대학,서울,사립,기존,2023,취업률(%),64.585191793
명지전문대학,전문대학,서울,사립,기존,2023,취업자,1448
명지전문대학,전문대학,서울,사립,기존,2023,예외자,443
명지전문대학,전문대학,서울,사립,기존,2023,졸업자,2685
명지전문대학,전문대학,서울,사립,기존,2022,취업률(%),62.745974955
명지전문대학,전문대학,서울,사립,기존,2022,취업자,1403
명지전문대학,전문대학,서울,사립,기존,2022,예외자,391
명지전문대학,전문대학,서울,사립,기존,2022,졸업자,2627
목포과학대학교,전문대학,전남,사립,기존,2024,취업률(%),70.633893920
목포과학대학교,전문대학,전남,사립,기존,2024,취업자,546
목포과학대학교,전문대학,전남,사립,기존,2024,예외자,62
목포과학대학교,전문대학,전남,사립,기존,2024,졸업자,835
목포과학대학교,전문대학,전남,사립,기존,2023,취업률(%),73.509015257
목포과학대학교,전문대학,전남,사립,기존,2023,취업자,530
목포과학대학교,전문대학,전남,사립,기존,2023,예외자,90
목포과학대학교,전문대학,전남,사립,기존,2023,졸업자,811
목포과학대학교,전문대학,전남,사립,기존,2022,취업률(%),72.461538462
목포과학대학교,전문대학,전남,사립,기존,2022,취업자,471
목포과학대학교,전문대학,전남,사립,기존,2022,예외자,114
목포과학대학교,전문대학,전남,사립,기존,2022,졸업자,764
문경대학교,전문대학,경북,사립,기존,2024,취업률(%),78.095238095
문경대학교,전문대학,경북,사립,기존,2024,취업자,164
문경대학교,전문대학,경북,사립,기존,2024,예외자,7
문경대학교,전문대학,경북,사립,기존,2024,졸업자,217
문경대학교,전문대학,경북,사립,기존,2023,취업률(%),76.635514019
문경대학교,전문대학,경북,사립,기존,2023,취업자,164
문경대학교,전문대학,경북,사립,기존,2023,예외자,17
문경대학교,전문대학,경북,사립,기존,2023,졸업자,231
문경대학교,전문대학,경북,사립,기존,2022,취업률(%),77.375565611
문경대학교,전문대학,경북,사립,기존,2022,취업자,171
문경대학교,전문대학,경북,사립,기존,2022,예외자,28
문경대학교,전문대학,경북,사립,기존,2022,졸업자,249
배화여자대학교,전문대학,서울,사립,기존,2024,취업률(%),63.775510204
배화여자대학교,전문대학,서울,사립,기존,2024,취업자,625
배화여자대학교,전문대학,서울,사립,기존,2024,예외자,147
배화여자대학교,전문대학,서울,사립,기존,2024,졸업자,1127
배화여자대학교,전문대학,서울,사립,기존,2023,취업률(%),68.386491557
배화여자대학교,전문대학,서울,사립,기존,2023,취업자,729
배화여자대학교,전문대학,서울,사립,기존,2023,예외자,141
배화여자대학교,전문대학,서울,사립,기존,2023,졸업자,1207
배화여자대학교,전문대학,서울,사립,기존,2022,취업률(%),61.767531220
배화여자대학교,전문대학,서울,사립,기존,2022,취업자,643
배화여자대학교,전문대학,서울,사립,기존,2022,예외자,105
배화여자대학교,전문대학,서울,사립,기존,2022,졸업자,1146
백석문화대학교,전문대학,충남,사립,기존,2024,취업률(%),72.013366750
백석문화대학교,전문대학,충남,사립,기존,2024,취업자,862
백석문화대학교,전문대학,충남,사립,기존,2024,예외자,312
백석문화대학교,전문대학,충남,사립,기존,2024,졸업자,1509
백석문화대학교,전문대학,충남,사립,기존,2023,취업률(%),74.764321972
백석문화대학교,전문대학,충남,사립,기존,2023,취업자,1031
백석문화대학교,전문대학,충남,사립,기존,2023,예외자,232
백석문화대학교,전문대학,충남,사립,기존,2023,졸업자,1611
백석문화대학교,전문대학,충남,사립,기존,2022,취업률(%),73.002421308
백석문화대학교,전문대학,충남,사립,기존,2022,취업자,1206
백석문화대학교,전문대학,충남,사립,기존,2022,예외자,304
백석문화대학교,전문대학,충남,사립,기존,2022,졸업자,1956
백제예술대학교,전문대학,전북,사립,기존,2024,취업률(%),53.291536050
백제예술대학교,전문대학,전북,사립,기존,2024,취업자,170
백제예술대학교,전문대학,전북,사립,기존,2024,예외자,73
백제예술대학교,전문대학,전북,사립,기존,2024,졸업자,392
백제예술대학교,전문대학,전북,사립,기존,2023,취업률(%),55.445544554
백제예술대학교,전문대학,전북,사립,기존,2023,취업자,224
백제예술대학교,전문대학,전북,사립,기존,2023,예외자,78
백제예술대학교,전문대학,전북,사립,기존,2023,졸업자,482
백제예술대학교,전문대학,전북,사립,기존,2022,취업률(%),54.939759036
백제예술대학교,전문대학,전북,사립,기존,2022,취업자,228
백제예술대학교,전문대학,전북,사립,기존,2022,예외자,63
백제예술대학교,전문대학,전북,사립,기존,2022,졸업자,478
부산경상대학교,전문대학,부산,사립,기존,2024,취업률(%),64.520743920
부산경상대학교,전문대학,부산,사립,기존,2024,취업자,451
부산경상대학교,전문대학,부산,사립,기존,2024,예외자,163
부산경상대학교,전문대학,부산,사립,기존,2024,졸업자,862
부산경상대학교,전문대학,부산,사립,기존,2023,취업률(%),65.287049399
부산경상대학교,전문대학,부산,사립,기존,2023,취업자,489
부산경상대학교,전문대학,부산,사립,기존,2023,예외자,175
부산경상대학교,전문대학,부산,사립,기존,2023,졸업자,924
부산경상대학교,전문대학,부산,사립,기존,2022,취업률(%),69.942196532
부산경상대학교,전문대학,부산,사립,기존,2022,취업자,484
부산경상대학교,전문대학,부산,사립,기존,2022,예외자,153
부산경상대학교,전문대학,부산,사립,기존,2022,졸업자,845
부산과학기술대학교,전문대학,부산,사립,기존,2024,취업률(%),74.370922647
부산과학기술대학교,전문대학,부산,사립,기존,2024,취업자,798
부산과학기술대학교,전문대학,부산,사립,기존,2024,예외자,191
부산과학기술대학교,전문대학,부산,사립,기존,2024,졸업자,1264
부산과학기술대학교,전문대학,부산,사립,기존,2023,취업률(%),69.059656218
부산과학기술대학교,전문대학,부산,사립,기존,2023,취업자,683
부산과학기술대학교,전문대학,부산,사립,기존,2023,예외자,203
부산과학기술대학교,전문대학,부산,사립,기존,2023,졸업자,1192
부산과학기술대학교,전문대학,부산,사립,기존,2022,취업률(%),68.975069252
부산과학기술대학교,전문대학,부산,사립,기존,2022,취업자,747
부산과학기술대학교,전문대학,부산,사립,기존,2022,예외자,273
부산과학기술대학교,전문대학,부산,사립,기존,2022,졸업자,1356
부산보건대학교,전문대학,부산,사립,기존,2024,취업률(%),73.184357542
부산보건대학교,전문대학,부산,사립,기존,2024,취업자,524
부산보건대학교,전문대학,부산,사립,기존,2024,예외자,97
부산보건대학교,전문대학,부산,사립,기존,2024,졸업자,813
부산보건대학교,전문대학,부산,사립,기존,2023,취업률(%),73.477672530
부산보건대학교,전문대학,부산,사립,기존,2023,취업자,543
부산보건대학교,전문대학,부산,사립,기존,2023,예외자,117
부산보건대학교,전문대학,부산,사립,기존,2023,졸업자,856
부산보건대학교,전문대학,부산,사립,기존,2022,취업률(%),74.708994709
부산보건대학교,전문대학,부산,사립,기존,2022,취업자,706
부산보건대학교,전문대학,부산,사립,기존,2022,예외자,135
부산보건대학교,전문대학,부산,사립,기존,2022,졸업자,1080
부산여자대학교,전문대학,부산,사립,기존,2024,취업률(%),62.583892617
부산여자대학교,전문대학,부산,사립,기존,2024,취업자,373
부산여자대학교,전문대학,부산,사립,기존,2024,예외자,70
부산여자대학교,전문대학,부산,사립,기존,2024,졸업자,666
부산여자대학교,전문대학,부산,사립,기존,2023,취업률(%),66.005291005
부산여자대학교,전문대학,부산,사립,기존,2023,취업자,499
부산여자대학교,전문대학,부산,사립,기존,2023,예외자,100
부산여자대학교,전문대학,부산,사립,기존,2023,졸업자,856
부산여자대학교,전문대학,부산,사립,기존,2022,취업률(%),68.592057762
부산여자대학교,전문대학,부산,사립,기존,2022,취업자,570
부산여자대학교,전문대학,부산,사립,기존,2022,예외자,87
부산여자대학교,전문대학,부산,사립,기존,2022,졸업자,918
부산예술대학교,전문대학,부산,사립,기존,2024,취업률(%),56.287425150
부산예술대학교,전문대학,부산,사립,기존,2024,취업자,94
부산예술대학교,전문대학,부산,사립,기존,2024,예외자,66
부산예술대학교,전문대학,부산,사립,기존,2024,졸업자,233
부산예술대학교,전문대학,부산,사립,기존,2023,취업률(%),38.181818182
부산예술대학교,전문대학,부산,사립,기존,2023,취업자,84
부산예술대학교,전문대학,부산,사립,기존,2023,예외자,67
부산예술대학교,전문대학,부산,사립,기존,2023,졸업자,287
부산예술대학교,전문대학,부산,사립,기존,2022,취업률(%),41.847826087
부산예술대학교,전문대학,부산,사립,기존,2022,취업자,77
부산예술대학교,전문대학,부산,사립,기존,2022,예외자,62
부산예술대학교,전문대학,부산,사립,기존,2022,졸업자,246
부천대학교,전문대학,경기,사립,기존,2024,취업률(%),71.576334299
부천대학교,전문대학,경기,사립,기존,2024,취업자,1730
부천대학교,전문대학,경기,사립,기존,2024,예외자,450
부천대학교,전문대학,경기,사립,기존,2024,졸업자,2867
부천대학교,전문대학,경기,사립,기존,2023,취업률(%),73.220973783
부천대학교,전문대학,경기,사립,기존,2023,취업자,1955
부천대학교,전문대학,경기,사립,기존,2023,예외자,423
부천대학교,전문대학,경기,사립,기존,2023,졸업자,3093
부천대학교,전문대학,경기,사립,기존,2022,취업률(%),72.551928783
부천대학교,전문대학,경기,사립,기존,2022,취업자,1956
부천대학교,전문대학,경기,사립,기존,2022,예외자,363
부천대학교,전문대학,경기,사립,기존,2022,졸업자,3059
삼육보건대학교,전문대학,서울,사립,기존,2024,취업률(%),77.002583979
삼육보건대학교,전문대학,서울,사립,기존,2024,취업자,298
삼육보건대학교,전문대학,서울,사립,기존,2024,예외자,29
삼육보건대학교,전문대학,서울,사립,기존,2024,졸업자,416
삼육보건대학교,전문대학,서울,사립,기존,2023,취업률(%),80.369515012
삼육보건대학교,전문대학,서울,사립,기존,2023,취업자,348
삼육보건대학교,전문대학,서울,사립,기존,2023,예외자,41
삼육보건대학교,전문대학,서울,사립,기존,2023,졸업자,474
삼육보건대학교,전문대학,서울,사립,기존,2022,취업률(%),78.795180723
삼육보건대학교,전문대학,서울,사립,기존,2022,취업자,327
삼육보건대학교,전문대학,서울,사립,기존,2022,예외자,31
삼육보건대학교,전문대학,서울,사립,기존,2022,졸업자,446
상지영서대학교,전문대학,강원,사립,폐교,2024,취업률(%),36.363636364
상지영서대학교,전문대학,강원,사립,폐교,2024,취업자,4
상지영서대학교,전문대학,강원,사립,폐교,2024,예외자,0
상지영서대학교,전문대학,강원,사립,폐교,2024,졸업자,11
상지영서대학교,전문대학,강원,사립,폐교,2023,취업률(%),55
상지영서대학교,전문대학,강원,사립,폐교,2023,취업자,22
상지영서대학교,전문대학,강원,사립,폐교,2023,예외자,3
상지영서대학교,전문대학,강원,사립,폐교,2023,졸업자,43
상지영서대학교,전문대학,강원,사립,폐교,2022,취업률(%),63.503649635
상지영서대학교,전문대학,강원,사립,폐교,2022,취업자,87
상지영서대학교,전문대학,강원,사립,폐교,2022,예외자,10
상지영서대학교,전문대학,강원,사립,폐교,2022,졸업자,147
서라벌대학교,전문대학,경북,사립,폐교,2024,취업률(%),72.832369942
서라벌대학교,전문대학,경북,사립,폐교,2024,취업자,126
서라벌대학교,전문대학,경북,사립,폐교,2024,예외자,9
서라벌대학교,전문대학,경북,사립,폐교,2024,졸업자,182
서라벌대학교,전문대학,경북,사립,폐교,2023,취업률(%),77.348066298
서라벌대학교,전문대학,경북,사립,폐교,2023,취업자,140
서라벌대학교,전문대학,경북,사립,폐교,2023,예외자,7
서라벌대학교,전문대학,경북,사립,폐교,2023,졸업자,188
서라벌대학교,전문대학,경북,사립,폐교,2022,취업률(%),75.879396985
서라벌대학교,전문대학,경북,사립,폐교,2022,취업자,151
서라벌대학교,전문대학,경북,사립,폐교,2022,예외자,10
서라벌대학교,전문대학,경북,사립,폐교,2022,졸업자,209
서영대학교,전문대학,광주,사립,기존,2024,취업률(%),75.588599752
서영대학교,전문대학,광주,사립,기존,2024,취업자,1220
서영대학교,전문대학,광주,사립,기존,2024,예외자,180
서영대학교,전문대학,광주,사립,기존,2024,졸업자,1794
서영대학교,전문대학,광주,사립,기존,2023,취업률(%),76.353276353
서영대학교,전문대학,광주,사립,기존,2023,취업자,1340
서영대학교,전문대학,광주,사립,기존,2023,예외자,191
서영대학교,전문대학,광주,사립,기존,2023,졸업자,1946
서영대학교,전문대학,광주,사립,기존,2022,취업률(%),74.854420328
서영대학교,전문대학,광주,사립,기존,2022,취업자,1414
서영대학교,전문대학,광주,사립,기존,2022,예외자,238
서영대학교,전문대학,광주,사립,기존,2022,졸업자,2127
서울여자간호대학교,전문대학,서울,사립,기존,2024,취업률(%),71.578947368
서울여자간호대학교,전문대학,서울,사립,기존,2024,취업자,136
서울여자간호대학교,전문대학,서울,사립,기존,2024,예외자,1
서울여자간호대학교,전문대학,서울,사립,기존,2024,졸업자,191
서울여자간호대학교,전문대학,서울,사립,기존,2023,취업률(%),80.876494024
서울여자간호대학교,전문대학,서울,사립,기존,2023,취업자,203
서울여자간호대학교,전문대학,서울,사립,기존,2023,예외자,1
서울여자간호대학교,전문대학,서울,사립,기존,2023,졸업자,252
서울여자간호대학교,전문대학,서울,사립,기존,2022,취업률(%),79.365079365
서울여자간호대학교,전문대학,서울,사립,기존,2022,취업자,200
서울여자간호대학교,전문대학,서울,사립,기존,2022,예외자,1
서울여자간호대학교,전문대학,서울,사립,기존,2022,졸업자,253
서울예술대학교,전문대학,경기,사립,기존,2024,취업률(%),66.455696203
서울예술대학교,전문대학,경기,사립,기존,2024,취업자,630
서울예술대학교,전문대학,경기,사립,기존,2024,예외자,130
서울예술대학교,전문대학,경기,사립,기존,2024,졸업자,1078
서울예술대학교,전문대학,경기,사립,기존,2023,취업률(%),70.238095238
서울예술대학교,전문대학,경기,사립,기존,2023,취업자,649
서울예술대학교,전문대학,경기,사립,기존,2023,예외자,101
서울예술대학교,전문대학,경기,사립,기존,2023,졸업자,1025
서울예술대학교,전문대학,경기,사립,기존,2022,취업률(%),67.8
서울예술대학교,전문대학,경기,사립,기존,2022,취업자,678
서울예술대학교,전문대학,경기,사립,기존,2022,예외자,127
서울예술대학교,전문대학,경기,사립,기존,2022,졸업자,1127
서일대학교,전문대학,서울,사립,기존,2024,취업률(%),65.440289505
서일대학교,전문대학,서울,사립,기존,2024,취업자,1085
서일대학교,전문대학,서울,사립,기존,2024,예외자,345
서일대학교,전문대학,서울,사립,기존,2024,졸업자,2003
서일대학교,전문대학,서울,사립,기존,2023,취업률(%),69.405594406
서일대학교,전문대학,서울,사립,기존,2023,취업자,1191
서일대학교,전문대학,서울,사립,기존,2023,예외자,330
서일대학교,전문대학,서울,사립,기존,2023,졸업자,2046
서일대학교,전문대학,서울,사립,기존,2022,취업률(%),68.878718535
서일대학교,전문대학,서울,사립,기존,2022,취업자,1204
서일대학교,전문대학,서울,사립,기존,2022,예외자,295
서일대학교,전문대학,서울,사립,기존,2022,졸업자,2043
서정대학교,전문대학,경기,사립,기존,2024,취업률(%),76.989619377
서정대학교,전문대학,경기,사립,기존,2024,취업자,1335
서정대학교,전문대학,경기,사립,기존,2024,예외자,1056
서정대학교,전문대학,경기,사립,기존,2024,졸업자,2790
서정대학교,전문대학,경기,사립,기존,2023,취업률(%),76.473988439
서정대학교,전문대학,경기,사립,기존,2023,취업자,1323
서정대학교,전문대학,경기,사립,기존,2023,예외자,982
서정대학교,전문대학,경기,사립,기존,2023,졸업자,2712
서정대학교,전문대학,경기,사립,기존,2022,취업률(%),73.211009174
서정대학교,전문대학,경기,사립,기존,2022,취업자,1197
서정대학교,전문대학,경기,사립,기존,2022,예외자,518
서정대학교,전문대학,경기,사립,기존,2022,졸업자,2153
선린대학교,전문대학,경북,사립,기존,2024,취업률(%),79.523809524
선린대학교,전문대학,경북,사립,기존,2024,취업자,501
선린대학교,전문대학,경북,사립,기존,2024,예외자,38
선린대학교,전문대학,경북,사립,기존,2024,졸업자,668
선린대학교,전문대학,경북,사립,기존,2023,취업률(%),77.200577201
선린대학교,전문대학,경북,사립,기존,2023,취업자,535
선린대학교,전문대학,경북,사립,기존,2023,예외자,44
선린대학교,전문대학,경북,사립,기존,2023,졸업자,737
선린대학교,전문대학,경북,사립,기존,2022,취업률(%),78.279883382
선린대학교,전문대학,경북,사립,기존,2022,취업자,537
선린대학교,전문대학,경북,사립,기존,2022,예외자,45
선린대학교,전문대학,경북,사립,기존,2022,졸업자,731
성운대학교,전문대학,경북,사립,기존,2024,취업률(%),75.867507886
성운대학교,전문대학,경북,사립,기존,2024,취업자,481
성운대학교,전문대학,경북,사립,기존,2024,예외자,63
성운대학교,전문대학,경북,사립,기존,2024,졸업자,697
성운대학교,전문대학,경북,사립,기존,2023,취업률(%),75.903614458
성운대학교,전문대학,경북,사립,기존,2023,취업자,441
성운대학교,전문대학,경북,사립,기존,2023,예외자,54
성운대학교,전문대학,경북,사립,기존,2023,졸업자,635
성운대학교,전문대학,경북,사립,기존,2022,취업률(%),75.164473684
성운대학교,전문대학,경북,사립,기존,2022,취업자,457
성운대학교,전문대학,경북,사립,기존,2022,예외자,68
성운대학교,전문대학,경북,사립,기존,2022,졸업자,676
세경대학교,전문대학,강원,사립,기존,2024,취업률(%),76.241134752
세경대학교,전문대학,강원,사립,기존,2024,취업자,215
세경대학교,전문대학,강원,사립,기존,2024,예외자,29
세경대학교,전문대학,강원,사립,기존,2024,졸업자,311
세경대학교,전문대학,강원,사립,기존,2023,취업률(%),78.947368421
세경대학교,전문대학,강원,사립,기존,2023,취업자,255
세경대학교,전문대학,강원,사립,기존,2023,예외자,64
세경대학교,전문대학,강원,사립,기존,2023,졸업자,387
세경대학교,전문대학,강원,사립,기존,2022,취업률(%),72.607260726
세경대학교,전문대학,강원,사립,기존,2022,취업자,220
세경대학교,전문대학,강원,사립,기존,2022,예외자,72
세경대학교,전문대학,강원,사립,기존,2022,졸업자,375
송곡대학교,전문대학,강원,사립,기존,2024,취업률(%),78.915662651
송곡대학교,전문대학,강원,사립,기존,2024,취업자,131
송곡대학교,전문대학,강원,사립,기존,2024,예외자,19
송곡대학교,전문대학,강원,사립,기존,2024,졸업자,185
송곡대학교,전문대학,강원,사립,기존,2023,취업률(%),80.107526882
송곡대학교,전문대학,강원,사립,기존,2023,취업자,149
송곡대학교,전문대학,강원,사립,기존,2023,예외자,19
송곡대학교,전문대학,강원,사립,기존,2023,졸업자,205
송곡대학교,전문대학,강원,사립,기존,2022,취업률(%),74.149659864
송곡대학교,전문대학,강원,사립,기존,2022,취업자,109
송곡대학교,전문대학,강원,사립,기존,2022,예외자,14
송곡대학교,전문대학,강원,사립,기존,2022,졸업자,161
송호대학교,전문대학,강원,사립,기존,2024,취업률(%),76.446280992
송호대학교,전문대학,강원,사립,기존,2024,취업자,185
송호대학교,전문대학,강원,사립,기존,2024,예외자,31
송호대학교,전문대학,강원,사립,기존,2024,졸업자,273
송호대학교,전문대학,강원,사립,기존,2023,취업률(%),74.122807018
송호대학교,전문대학,강원,사립,기존,2023,취업자,169
송호대학교,전문대학,강원,사립,기존,2023,예외자,26
송호대학교,전문대학,강원,사립,기존,2023,졸업자,254
송호대학교,전문대학,강원,사립,기존,2022,취업률(%),73.417721519
송호대학교,전문대학,강원,사립,기존,2022,취업자,232
송호대학교,전문대학,강원,사립,기존,2022,예외자,42
송호대학교,전문대학,강원,사립,기존,2022,졸업자,358
수성대학교,전문대학,대구,사립,기존,2024,취업률(%),73.694390716
수성대학교,전문대학,대구,사립,기존,2024,취업자,762
수성대학교,전문대학,대구,사립,기존,2024,예외자,138
수성대학교,전문대학,대구,사립,기존,2024,졸업자,1172
수성대학교,전문대학,대구,사립,기존,2023,취업률(%),73.987854251
수성대학교,전문대학,대구,사립,기존,2023,취업자,731
수성대학교,전문대학,대구,사립,기존,2023,예외자,221
수성대학교,전문대학,대구,사립,기존,2023,졸업자,1209
수성대학교,전문대학,대구,사립,기존,2022,취업률(%),71.594202899
수성대학교,전문대학,대구,사립,기존,2022,취업자,741
수성대학교,전문대학,대구,사립,기존,2022,예외자,200
수성대학교,전문대학,대구,사립,기존,2022,졸업자,1235
수원과학대학교,전문대학,경기,사립,기존,2024,취업률(%),66.486902928
수원과학대학교,전문대학,경기,사립,기존,2024,취업자,863
수원과학대학교,전문대학,경기,사립,기존,2024,예외자,105
수원과학대학교,전문대학,경기,사립,기존,2024,졸업자,1403
수원과학대학교,전문대학,경기,사립,기존,2023,취업률(%),66.276202219
수원과학대학교,전문대학,경기,사립,기존,2023,취업자,1075
수원과학대학교,전문대학,경기,사립,기존,2023,예외자,146
수원과학대학교,전문대학,경기,사립,기존,2023,졸업자,1768
수원과학대학교,전문대학,경기,사립,기존,2022,취업률(%),67.345844504
수원과학대학교,전문대학,경기,사립,기존,2022,취업자,1256
수원과학대학교,전문대학,경기,사립,기존,2022,예외자,201
수원과학대학교,전문대학,경기,사립,기존,2022,졸업자,2066
수원여자대학교,전문대학,경기,사립,기존,2024,취업률(%),72.316865417
수원여자대학교,전문대학,경기,사립,기존,2024,취업자,849
수원여자대학교,전문대학,경기,사립,기존,2024,예외자,133
수원여자대학교,전문대학,경기,사립,기존,2024,졸업자,1307
수원여자대학교,전문대학,경기,사립,기존,2023,취업률(%),71.046228710
수원여자대학교,전문대학,경기,사립,기존,2023,취업자,876
수원여자대학교,전문대학,경기,사립,기존,2023,예외자,158
수원여자대학교,전문대학,경기,사립,기존,2023,졸업자,1391
수원여자대학교,전문대학,경기,사립,기존,2022,취업률(%),71.872740419
수원여자대학교,전문대학,경기,사립,기존,2022,취업자,994
수원여자대학교,전문대학,경기,사립,기존,2022,예외자,120
수원여자대학교,전문대학,경기,사립,기존,2022,졸업자,1503
순천제일대학교,전문대학,전남,사립,기존,2024,취업률(%),72.383073497
순천제일대학교,전문대학,전남,사립,기존,2024,취업자,650
순천제일대학교,전문대학,전남,사립,기존,2024,예외자,63
순천제일대학교,전문대학,전남,사립,기존,2024,졸업자,961
순천제일대학교,전문대학,전남,사립,기존,2023,취업률(%),73.544433095
순천제일대학교,전문대학,전남,사립,기존,2023,취업자,720
순천제일대학교,전문대학,전남,사립,기존,2023,예외자,102
순천제일대학교,전문대학,전남,사립,기존,2023,졸업자,1081
순천제일대학교,전문대학,전남,사립,기존,2022,취업률(%),69.518716578
순천제일대학교,전문대학,전남,사립,기존,2022,취업자,650
순천제일대학교,전문대학,전남,사립,기존,2022,예외자,98
순천제일대학교,전문대학,전남,사립,기존,2022,졸업자,1033
숭의여자대학교,전문대학,서울,사립,기존,2024,취업률(%),67.314814815
숭의여자대학교,전문대학,서울,사립,기존,2024,취업자,727
숭의여자대학교,전문대학,서울,사립,기존,2024,예외자,155
숭의여자대학교,전문대학,서울,사립,기존,2024,졸업자,1235
숭의여자대학교,전문대학,서울,사립,기존,2023,취업률(%),68.215158924
숭의여자대학교,전문대학,서울,사립,기존,2023,취업자,837
숭의여자대학교,전문대학,서울,사립,기존,2023,예외자,171
숭의여자대학교,전문대학,서울,사립,기존,2023,졸업자,1398
숭의여자대학교,전문대학,서울,사립,기존,2022,취업률(%),69.103773585
숭의여자대학교,전문대학,서울,사립,기존,2022,취업자,879
숭의여자대학교,전문대학,서울,사립,기존,2022,예외자,186
숭의여자대학교,전문대학,서울,사립,기존,2022,졸업자,1458
신구대학교,전문대학,경기,사립,기존,2024,취업률(%),74.936580416
신구대학교,전문대학,경기,사립,기존,2024,취업자,1477
신구대학교,전문대학,경기,사립,기존,2024,예외자,249
신구대학교,전문대학,경기,사립,기존,2024,졸업자,2220
신구대학교,전문대학,경기,사립,기존,2023,취업률(%),73.857644991
신구대학교,전문대학,경기,사립,기존,2023,취업자,1681
신구대학교,전문대학,경기,사립,기존,2023,예외자,244
신구대학교,전문대학,경기,사립,기존,2023,졸업자,2520
신구대학교,전문대학,경기,사립,기존,2022,취업률(%),73.710904480
신구대학교,전문대학,경기,사립,기존,2022,취업자,1744
신구대학교,전문대학,경기,사립,기존,2022,예외자,251
신구대학교,전문대학,경기,사립,기존,2022,졸업자,2617
신성대학교,전문대학,충남,사립,기존,2024,취업률(%),76.433121019
신성대학교,전문대학,충남,사립,기존,2024,취업자,720
신성대학교,전문대학,충남,사립,기존,2024,예외자,90
신성대학교,전문대학,충남,사립,기존,2024,졸업자,1032
신성대학교,전문대학,충남,사립,기존,2023,취업률(%),74.025974026
신성대학교,전문대학,충남,사립,기존,2023,취업자,855
신성대학교,전문대학,충남,사립,기존,2023,예외자,115
신성대학교,전문대학,충남,사립,기존,2023,졸업자,1270
신성대학교,전문대학,충남,사립,기존,2022,취업률(%),77.933884298
신성대학교,전문대학,충남,사립,기존,2022,취업자,943
신성대학교,전문대학,충남,사립,기존,2022,예외자,139
신성대학교,전문대학,충남,사립,기존,2022,졸업자,1349
신안산대학교,전문대학,경기,사립,기존,2024,취업률(%),62.190476190
신안산대학교,전문대학,경기,사립,기존,2024,취업자,653
신안산대학교,전문대학,경기,사립,기존,2024,예외자,134
신안산대학교,전문대학,경기,사립,기존,2024,졸업자,1184
신안산대학교,전문대학,경기,사립,기존,2023,취업률(%),63.441780822
신안산대학교,전문대학,경기,사립,기존,2023,취업자,741
신안산대학교,전문대학,경기,사립,기존,2023,예외자,174
신안산대학교,전문대학,경기,사립,기존,2023,졸업자,1342
신안산대학교,전문대학,경기,사립,기존,2022,취업률(%),64.246575342
신안산대학교,전문대학,경기,사립,기존,2022,취업자,938
신안산대학교,전문대학,경기,사립,기존,2022,예외자,197
신안산대학교,전문대학,경기,사립,기존,2022,졸업자,1657
아주자동차대학교,전문대학,충남,사립,기존,2024,취업률(%),70.848708487
아주자동차대학교,전문대학,충남,사립,기존,2024,취업자,192
아주자동차대학교,전문대학,충남,사립,기존,2024,예외자,43
아주자동차대학교,전문대학,충남,사립,기존,2024,졸업자,314
아주자동차대학교,전문대학,충남,사립,기존,2023,취업률(%),73.063973064
아주자동차대학교,전문대학,충남,사립,기존,2023,취업자,217
아주자동차대학교,전문대학,충남,사립,기존,2023,예외자,47
아주자동차대학교,전문대학,충남,사립,기존,2023,졸업자,344
아주자동차대학교,전문대학,충남,사립,기존,2022,취업률(%),74.366197183
아주자동차대학교,전문대학,충남,사립,기존,2022,취업자,264
아주자동차대학교,전문대학,충남,사립,기존,2022,예외자,68
아주자동차대학교,전문대학,충남,사립,기존,2022,졸업자,423
안동과학대학교,전문대학,경북,사립,기존,2024,취업률(%),78.313253012
안동과학대학교,전문대학,경북,사립,기존,2024,취업자,520
안동과학대학교,전문대학,경북,사립,기존,2024,예외자,58
안동과학대학교,전문대학,경북,사립,기존,2024,졸업자,722
안동과학대학교,전문대학,경북,사립,기존,2023,취업률(%),78.600823045
안동과학대학교,전문대학,경북,사립,기존,2023,취업자,573
안동과학대학교,전문대학,경북,사립,기존,2023,예외자,74
안동과학대학교,전문대학,경북,사립,기존,2023,졸업자,803
안동과학대학교,전문대학,경북,사립,기존,2022,취업률(%),77.249357326
안동과학대학교,전문대학,경북,사립,기존,2022,취업자,601
안동과학대학교,전문대학,경북,사립,기존,2022,예외자,121
안동과학대학교,전문대학,경북,사립,기존,2022,졸업자,899
안산대학교,전문대학,경기,사립,기존,2024,취업률(%),71.361132966
안산대학교,전문대학,경기,사립,기존,2024,취업자,907
안산대학교,전문대학,경기,사립,기존,2024,예외자,174
안산대학교,전문대학,경기,사립,기존,2024,졸업자,1445
안산대학교,전문대학,경기,사립,기존,2023,취업률(%),73.425499232
안산대학교,전문대학,경기,사립,기존,2023,취업자,956
안산대학교,전문대학,경기,사립,기존,2023,예외자,156
안산대학교,전문대학,경기,사립,기존,2023,졸업자,1458
안산대학교,전문대학,경기,사립,기존,2022,취업률(%),71.101871102
안산대학교,전문대학,경기,사립,기존,2022,취업자,1026
안산대학교,전문대학,경기,사립,기존,2022,예외자,191
안산대학교,전문대학,경기,사립,기존,2022,졸업자,1634
여주대학교,전문대학,경기,사립,기존,2024,취업률(%),74.832464631
여주대학교,전문대학,경기,사립,기존,2024,취업자,1005
여주대학교,전문대학,경기,사립,기존,2024,예외자,167
여주대학교,전문대학,경기,사립,기존,2024,졸업자,1510
여주대학교,전문대학,경기,사립,기존,2023,취업률(%),77.291960508
여주대학교,전문대학,경기,사립,기존,2023,취업자,1096
여주대학교,전문대학,경기,사립,기존,2023,예외자,174
여주대학교,전문대학,경기,사립,기존,2023,졸업자,1592
여주대학교,전문대학,경기,사립,기존,2022,취업률(%),76.660787772
여주대학교,전문대학,경기,사립,기존,2022,취업자,1304
여주대학교,전문대학,경기,사립,기존,2022,예외자,221
여주대학교,전문대학,경기,사립,기존,2022,졸업자,1922
연성대학교,전문대학,경기,사립,기존,2024,취업률(%),71.875
연성대학교,전문대학,경기,사립,기존,2024,취업자,1288
연성대학교,전문대학,경기,사립,기존,2024,예외자,294
연성대학교,전문대학,경기,사립,기존,2024,졸업자,2086
연성대학교,전문대학,경기,사립,기존,2023,취업률(%),72.583926755
연성대학교,전문대학,경기,사립,기존,2023,취업자,1427
연성대학교,전문대학,경기,사립,기존,2023,예외자,304
연성대학교,전문대학,경기,사립,기존,2023,졸업자,2270
연성대학교,전문대학,경기,사립,기존,2022,취업률(%),73.034274194
연성대학교,전문대학,경기,사립,기존,2022,취업자,1449
연성대학교,전문대학,경기,사립,기존,2022,예외자,322
연성대학교,전문대학,경기,사립,기존,2022,졸업자,2306
연암공과대학교,전문대학,경남,사립,기존,2024,취업률(%),79.640718563
연암공과대학교,전문대학,경남,사립,기존,2024,취업자,399
연암공과대학교,전문대학,경남,사립,기존,2024,예외자,26
연암공과대학교,전문대학,경남,사립,기존,2024,졸업자,527
연암공과대학교,전문대학,경남,사립,기존,2023,취업률(%),80.519480519
연암공과대학교,전문대학,경남,사립,기존,2023,취업자,372
연암공과대학교,전문대학,경남,사립,기존,2023,예외자,15
연암공과대학교,전문대학,경남,사립,기존,2023,졸업자,477
연암공과대학교,전문대학,경남,사립,기존,2022,취업률(%),82.857142857
연암공과대학교,전문대학,경남,사립,기존,2022,취업자,348
연암공과대학교,전문대학,경남,사립,기존,2022,예외자,16
연암공과대학교,전문대학,경남,사립,기존,2022,졸업자,436
연암대학교,전문대학,충남,사립,기존,2024,취업률(%),77.378435518
연암대학교,전문대학,충남,사립,기존,2024,취업자,366
연암대학교,전문대학,충남,사립,기존,2024,예외자,72
연암대학교,전문대학,충남,사립,기존,2024,졸업자,545
연암대학교,전문대학,충남,사립,기존,2023,취업률(%),80.238095238
연암대학교,전문대학,충남,사립,기존,2023,취업자,337
연암대학교,전문대학,충남,사립,기존,2023,예외자,67
연암대학교,전문대학,충남,사립,기존,2023,졸업자,487
연암대학교,전문대학,충남,사립,기존,2022,취업률(%),81.034482759
연암대학교,전문대학,충남,사립,기존,2022,취업자,329
연암대학교,전문대학,충남,사립,기존,2022,예외자,51
연암대학교,전문대학,충남,사립,기존,2022,졸업자,457
영남외국어대학,전문대학,경북,사립,기존,2024,취업률(%),68.75
영남외국어대학,전문대학,경북,사립,기존,2024,취업자,77
영남외국어대학,전문대학,경북,사립,기존,2024,예외자,12
영남외국어대학,전문대학,경북,사립,기존,2024,졸업자,124
영남외국어대학,전문대학,경북,사립,기존,2023,취업률(%),75
영남외국어대학,전문대학,경북,사립,기존,2023,취업자,90
영남외국어대학,전문대학,경북,사립,기존,2023,예외자,19
영남외국어대학,전문대학,경북,사립,기존,2023,졸업자,139
영남외국어대학,전문대학,경북,사립,기존,2022,취업률(%),75.294117647
영남외국어대학,전문대학,경북,사립,기존,2022,취업자,128
영남외국어대학,전문대학,경북,사립,기존,2022,예외자,25
영남외국어대학,전문대학,경북,사립,기존,2022,졸업자,195
영남이공대학교,전문대학,대구,사립,기존,2024,취업률(%),72.737556561
영남이공대학교,전문대학,대구,사립,기존,2024,취업자,1286
영남이공대학교,전문대학,대구,사립,기존,2024,예외자,381
영남이공대학교,전문대학,대구,사립,기존,2024,졸업자,2149
영남이공대학교,전문대학,대구,사립,기존,2023,취업률(%),74.727793696
영남이공대학교,전문대학,대구,사립,기존,2023,취업자,1304
영남이공대학교,전문대학,대구,사립,기존,2023,예외자,328
영남이공대학교,전문대학,대구,사립,기존,2023,졸업자,2073
영남이공대학교,전문대학,대구,사립,기존,2022,취업률(%),76.226993865
영남이공대학교,전문대학,대구,사립,기존,2022,취업자,1491
영남이공대학교,전문대학,대구,사립,기존,2022,예외자,335
영남이공대학교,전문대학,대구,사립,기존,2022,졸업자,2291
영진사이버대학교,사이버대학(전문대학),대구,사립,기존,2024,취업률(%),79.319802523
영진사이버대학교,사이버대학(전문대학),대구,사립,기존,2024,취업자,1446
영진사이버대학교,사이버대학(전문대학),대구,사립,기존,2024,예외자,74
영진사이버대학교,사이버대학(전문대학),대구,사립,기존,2024,졸업자,1897
영진사이버대학교,사이버대학(전문대학),대구,사립,기존,2023,취업률(%),74.912075029
영진사이버대학교,사이버대학(전문대학),대구,사립,기존,2023,취업자,1278
영진사이버대학교,사이버대학(전문대학),대구,사립,기존,2023,예외자,92
영진사이버대학교,사이버대학(전문대학),대구,사립,기존,2023,졸업자,1798
영진전문대학교,전문대학,대구,사립,기존,2024,취업률(%),73.176564368
영진전문대학교,전문대학,대구,사립,기존,2024,취업자,1836
영진전문대학교,전문대학,대구,사립,기존,2024,예외자,369
영진전문대학교,전문대학,대구,사립,기존,2024,졸업자,2878
영진전문대학교,전문대학,대구,사립,기존,2023,취업률(%),77.842227378
영진전문대학교,전문대학,대구,사립,기존,2023,취업자,2013
영진전문대학교,전문대학,대구,사립,기존,2023,예외자,386
영진전문대학교,전문대학,대구,사립,기존,2023,졸업자,2972
영진전문대학교,전문대학,대구,사립,기존,2022,취업률(%),79.158913286
영진전문대학교,전문대학,대구,사립,기존,2022,취업자,2127
영진전문대학교,전문대학,대구,사립,기존,2022,예외자,435
영진전문대학교,전문대학,대구,사립,기존,2022,졸업자,3122
오산대학교,전문대학,경기,사립,기존,2024,취업률(%),74.490566038
오산대학교,전문대학,경기,사립,기존,2024,취업자,987
오산대학교,전문대학,경기,사립,기존,2024,예외자,223
오산대학교,전문대학,경기,사립,기존,2024,졸업자,1548
오산대학교,전문대학,경기,사립,기존,2023,취업률(%),73.006134969
오산대학교,전문대학,경기,사립,기존,2023,취업자,1071
오산대학교,전문대학,경기,사립,기존,2023,예외자,236
오산대학교,전문대학,경기,사립,기존,2023,졸업자,1703
오산대학교,전문대학,경기,사립,기존,2022,취업률(%),74.464389114
오산대학교,전문대학,경기,사립,기존,2022,취업자,1286
오산대학교,전문대학,경기,사립,기존,2022,예외자,268
오산대학교,전문대학,경기,사립,기존,2022,졸업자,1995
용인예술과학대학교,전문대학,경기,사립,기존,2024,취업률(%),67.832957111
용인예술과학대학교,전문대학,경기,사립,기존,2024,취업자,601
용인예술과학대학교,전문대학,경기,사립,기존,2024,예외자,181
용인예술과학대학교,전문대학,경기,사립,기존,2024,졸업자,1067
용인예술과학대학교,전문대학,경기,사립,기존,2023,취업률(%),65.738161560
용인예술과학대학교,전문대학,경기,사립,기존,2023,취업자,708
용인예술과학대학교,전문대학,경기,사립,기존,2023,예외자,174
용인예술과학대학교,전문대학,경기,사립,기존,2023,졸업자,1251
용인예술과학대학교,전문대학,경기,사립,기존,2022,취업률(%),67.777777778
용인예술과학대학교,전문대학,경기,사립,기존,2022,취업자,915
용인예술과학대학교,전문대학,경기,사립,기존,2022,예외자,186
용인예술과학대학교,전문대학,경기,사립,기존,2022,졸업자,1536
우송정보대학,전문대학,대전,사립,기존,2024,취업률(%),69.801084991
우송정보대학,전문대학,대전,사립,기존,2024,취업자,772
우송정보대학,전문대학,대전,사립,기존,2024,예외자,251
우송정보대학,전문대학,대전,사립,기존,2024,졸업자,1357
우송정보대학,전문대학,대전,사립,기존,2023,취업률(%),69.198664441
우송정보대학,전문대학,대전,사립,기존,2023,취업자,829
우송정보대학,전문대학,대전,사립,기존,2023,예외자,316
우송정보대학,전문대학,대전,사립,기존,2023,졸업자,1514
우송정보대학,전문대학,대전,사립,기존,2022,취업률(%),70.580204778
우송정보대학,전문대학,대전,사립,기존,2022,취업자,1034
우송정보대학,전문대학,대전,사립,기존,2022,예외자,344
우송정보대학,전문대학,대전,사립,기존,2022,졸업자,1809
울산과학대학교,전문대학,울산,사립,기존,2024,취업률(%),75.092250923
울산과학대학교,전문대학,울산,사립,기존,2024,취업자,1221
울산과학대학교,전문대학,울산,사립,기존,2024,예외자,244
울산과학대학교,전문대학,울산,사립,기존,2024,졸업자,1870
울산과학대학교,전문대학,울산,사립,기존,2023,취업률(%),76.393442623
울산과학대학교,전문대학,울산,사립,기존,2023,취업자,1165
울산과학대학교,전문대학,울산,사립,기존,2023,예외자,213
울산과학대학교,전문대학,울산,사립,기존,2023,졸업자,1738
울산과학대학교,전문대학,울산,사립,기존,2022,취업률(%),78.663672094
울산과학대학교,전문대학,울산,사립,기존,2022,취업자,1401
울산과학대학교,전문대학,울산,사립,기존,2022,예외자,227
울산과학대학교,전문대학,울산,사립,기존,2022,졸업자,2008
웅지세무대학교,전문대학,경기,사립,기존,2024,취업률(%),42.009132420
웅지세무대학교,전문대학,경기,사립,기존,2024,취업자,92
웅지세무대학교,전문대학,경기,사립,기존,2024,예외자,8
웅지세무대학교,전문대학,경기,사립,기존,2024,졸업자,227
웅지세무대학교,전문대학,경기,사립,기존,2023,취업률(%),43.579766537
웅지세무대학교,전문대학,경기,사립,기존,2023,취업자,112
웅지세무대학교,전문대학,경기,사립,기존,2023,예외자,15
웅지세무대학교,전문대학,경기,사립,기존,2023,졸업자,272
웅지세무대학교,전문대학,경기,사립,기존,2022,취업률(%),46.808510638
웅지세무대학교,전문대학,경기,사립,기존,2022,취업자,154
웅지세무대학교,전문대학,경기,사립,기존,2022,예외자,12
웅지세무대학교,전문대학,경기,사립,기존,2022,졸업자,341
원광보건대학교,전문대학,전북,사립,기존,2024,취업률(%),74.373956594
원광보건대학교,전문대학,전북,사립,기존,2024,취업자,891
원광보건대학교,전문대학,전북,사립,기존,2024,예외자,128
원광보건대학교,전문대학,전북,사립,기존,2024,졸업자,1326
원광보건대학교,전문대학,전북,사립,기존,2023,취업률(%),75.170842825
원광보건대학교,전문대학,전북,사립,기존,2023,취업자,990
원광보건대학교,전문대학,전북,사립,기존,2023,예외자,181
원광보건대학교,전문대학,전북,사립,기존,2023,졸업자,1498
원광보건대학교,전문대학,전북,사립,기존,2022,취업률(%),75.916955017
원광보건대학교,전문대학,전북,사립,기존,2022,취업자,1097
원광보건대학교,전문대학,전북,사립,기존,2022,예외자,207
원광보건대학교,전문대학,전북,사립,기존,2022,졸업자,1652
유한대학교,전문대학,경기,사립,기존,2024,취업률(%),67.428198433
유한대학교,전문대학,경기,사립,기존,2024,취업자,1033
유한대학교,전문대학,경기,사립,기존,2024,예외자,219
유한대학교,전문대학,경기,사립,기존,2024,졸업자,1751
유한대학교,전문대학,경기,사립,기존,2023,취업률(%),71.776155718
유한대학교,전문대학,경기,사립,기존,2023,취업자,1180
유한대학교,전문대학,경기,사립,기존,2023,예외자,254
유한대학교,전문대학,경기,사립,기존,2023,졸업자,1898
유한대학교,전문대학,경기,사립,기존,2022,취업률(%),72.165566887
유한대학교,전문대학,경기,사립,기존,2022,취업자,1203
유한대학교,전문대학,경기,사립,기존,2022,예외자,241
유한대학교,전문대학,경기,사립,기존,2022,졸업자,1908
인덕대학교,전문대학,서울,사립,기존,2024,취업률(%),66.045197740
인덕대학교,전문대학,서울,사립,기존,2024,취업자,1169
인덕대학교,전문대학,서울,사립,기존,2024,예외자,317
인덕대학교,전문대학,서울,사립,기존,2024,졸업자,2087
인덕대학교,전문대학,서울,사립,기존,2023,취업률(%),66.576086957
인덕대학교,전문대학,서울,사립,기존,2023,취업자,1225
인덕대학교,전문대학,서울,사립,기존,2023,예외자,255
인덕대학교,전문대학,서울,사립,기존,2023,졸업자,2095
인덕대학교,전문대학,서울,사립,기존,2022,취업률(%),67.639657776
인덕대학교,전문대학,서울,사립,기존,2022,취업자,1344
인덕대학교,전문대학,서울,사립,기존,2022,예외자,354
인덕대학교,전문대학,서울,사립,기존,2022,졸업자,2341
인하공업전문대학,전문대학,인천,사립,기존,2024,취업률(%),68.063044380
인하공업전문대학,전문대학,인천,사립,기존,2024,취업자,1641
인하공업전문대학,전문대학,인천,사립,기존,2024,예외자,306
인하공업전문대학,전문대학,인천,사립,기존,2024,졸업자,2717
인하공업전문대학,전문대학,인천,사립,기존,2023,취업률(%),69.245499809
인하공업전문대학,전문대학,인천,사립,기존,2023,취업자,1808
인하공업전문대학,전문대학,인천,사립,기존,2023,예외자,334
인하공업전문대학,전문대학,인천,사립,기존,2023,졸업자,2945
인하공업전문대학,전문대학,인천,사립,기존,2022,취업률(%),72.283813747
인하공업전문대학,전문대학,인천,사립,기존,2022,취업자,1956
인하공업전문대학,전문대학,인천,사립,기존,2022,예외자,292
인하공업전문대학,전문대학,인천,사립,기존,2022,졸업자,2998
장안대학교,전문대학,경기,사립,기존,2024,취업률(%),68.342644320
장안대학교,전문대학,경기,사립,기존,2024,취업자,734
장안대학교,전문대학,경기,사립,기존,2024,예외자,164
장안대학교,전문대학,경기,사립,기존,2024,졸업자,1238
장안대학교,전문대학,경기,사립,기존,2023,취업률(%),65.589887640
장안대학교,전문대학,경기,사립,기존,2023,취업자,934
장안대학교,전문대학,경기,사립,기존,2023,예외자,198
장안대학교,전문대학,경기,사립,기존,2023,졸업자,1622
장안대학교,전문대학,경기,사립,기존,2022,취업률(%),71.514161220
장안대학교,전문대학,경기,사립,기존,2022,취업자,1313
장안대학교,전문대학,경기,사립,기존,2022,예외자,255
장안대학교,전문대학,경기,사립,기존,2022,졸업자,2091
재능대학교,전문대학,인천,사립,기존,2024,취업률(%),67.448979592
재능대학교,전문대학,인천,사립,기존,2024,취업자,661
재능대학교,전문대학,인천,사립,기존,2024,예외자,116
재능대학교,전문대학,인천,사립,기존,2024,졸업자,1096
재능대학교,전문대학,인천,사립,기존,2023,취업률(%),72.384615385
재능대학교,전문대학,인천,사립,기존,2023,취업자,941
재능대학교,전문대학,인천,사립,기존,2023,예외자,154
재능대학교,전문대학,인천,사립,기존,2023,졸업자,1454
재능대학교,전문대학,인천,사립,기존,2022,취업률(%),70.856685348
재능대학교,전문대학,인천,사립,기존,2022,취업자,885
재능대학교,전문대학,인천,사립,기존,2022,예외자,198
재능대학교,전문대학,인천,사립,기존,2022,졸업자,1447
전남과학대학교,전문대학,전남,사립,기존,2024,취업률(%),79.526842584
전남과학대학교,전문대학,전남,사립,기존,2024,취업자,874
전남과학대학교,전문대학,전남,사립,기존,2024,예외자,140
전남과학대학교,전문대학,전남,사립,기존,2024,졸업자,1239
전남과학대학교,전문대학,전남,사립,기존,2023,취업률(%),80.579964851
전남과학대학교,전문대학,전남,사립,기존,2023,취업자,917
전남과학대학교,전문대학,전남,사립,기존,2023,예외자,173
전남과학대학교,전문대학,전남,사립,기존,2023,졸업자,1311
전남과학대학교,전문대학,전남,사립,기존,2022,취업률(%),78.371710526
전남과학대학교,전문대학,전남,사립,기존,2022,취업자,953
전남과학대학교,전문대학,전남,사립,기존,2022,예외자,262
전남과학대학교,전문대학,전남,사립,기존,2022,졸업자,1478
전남도립대학교,전문대학,전남,공립,기존,2024,취업률(%),71.875
전남도립대학교,전문대학,전남,공립,기존,2024,취업자,299
전남도립대학교,전문대학,전남,공립,기존,2024,예외자,68
전남도립대학교,전문대학,전남,공립,기존,2024,졸업자,484
전남도립대학교,전문대학,전남,공립,기존,2023,취업률(%),69.463869464
전남도립대학교,전문대학,전남,공립,기존,2023,취업자,298
전남도립대학교,전문대학,전남,공립,기존,2023,예외자,64
전남도립대학교,전문대학,전남,공립,기존,2023,졸업자,493
전남도립대학교,전문대학,전남,공립,기존,2022,취업률(%),68.367346939
전남도립대학교,전문대학,전남,공립,기존,2022,취업자,268
전남도립대학교,전문대학,전남,공립,기존,2022,예외자,104
전남도립대학교,전문대학,전남,공립,기존,2022,졸업자,496
전북과학대학교,전문대학,전북,사립,기존,2024,취업률(%),77.821782178
전북과학대학교,전문대학,전북,사립,기존,2024,취업자,393
전북과학대학교,전문대학,전북,사립,기존,2024,예외자,90
전북과학대학교,전문대학,전북,사립,기존,2024,졸업자,595
전북과학대학교,전문대학,전북,사립,기존,2023,취업률(%),78.154425612
전북과학대학교,전문대학,전북,사립,기존,2023,취업자,415
전북과학대학교,전문대학,전북,사립,기존,2023,예외자,140
전북과학대학교,전문대학,전북,사립,기존,2023,졸업자,671
전북과학대학교,전문대학,전북,사립,기존,2022,취업률(%),78.658536585
전북과학대학교,전문대학,전북,사립,기존,2022,취업자,387
전북과학대학교,전문대학,전북,사립,기존,2022,예외자,156
전북과학대학교,전문대학,전북,사립,기존,2022,졸업자,648
전주기전대학,전문대학,전북,사립,기존,2024,취업률(%),67.281105991
전주기전대학,전문대학,전북,사립,기존,2024,취업자,292
전주기전대학,전문대학,전북,사립,기존,2024,예외자,123
전주기전대학,전문대학,전북,사립,기존,2024,졸업자,557
전주기전대학,전문대학,전북,사립,기존,2023,취업률(%),65.671641791
전주기전대학,전문대학,전북,사립,기존,2023,취업자,264
전주기전대학,전문대학,전북,사립,기존,2023,예외자,123
전주기전대학,전문대학,전북,사립,기존,2023,졸업자,525
전주기전대학,전문대학,전북,사립,기존,2022,취업률(%),65.952380952
전주기전대학,전문대학,전북,사립,기존,2022,취업자,277
전주기전대학,전문대학,전북,사립,기존,2022,예외자,198
전주기전대학,전문대학,전북,사립,기존,2022,졸업자,618
전주비전대학교,전문대학,전북,사립,기존,2024,취업률(%),75.381485249
전주비전대학교,전문대학,전북,사립,기존,2024,취업자,741
전주비전대학교,전문대학,전북,사립,기존,2024,예외자,283
전주비전대학교,전문대학,전북,사립,기존,2024,졸업자,1266
전주비전대학교,전문대학,전북,사립,기존,2023,취업률(%),76.790571170
전주비전대학교,전문대학,전북,사립,기존,2023,취업자,847
전주비전대학교,전문대학,전북,사립,기존,2023,예외자,299
전주비전대학교,전문대학,전북,사립,기존,2023,졸업자,1402
전주비전대학교,전문대학,전북,사립,기존,2022,취업률(%),74.095878890
전주비전대학교,전문대학,전북,사립,기존,2022,취업자,881
전주비전대학교,전문대학,전북,사립,기존,2022,예외자,294
전주비전대학교,전문대학,전북,사립,기존,2022,졸업자,1483
제주관광대학교,전문대학,제주,사립,기존,2024,취업률(%),78.971962617
제주관광대학교,전문대학,제주,사립,기존,2024,취업자,338
제주관광대학교,전문대학,제주,사립,기존,2024,예외자,76
제주관광대학교,전문대학,제주,사립,기존,2024,졸업자,504
제주관광대학교,전문대학,제주,사립,기존,2023,취업률(%),77.021276596
제주관광대학교,전문대학,제주,사립,기존,2023,취업자,362
제주관광대학교,전문대학,제주,사립,기존,2023,예외자,96
제주관광대학교,전문대학,제주,사립,기존,2023,졸업자,566
제주관광대학교,전문대학,제주,사립,기존,2022,취업률(%),77.837837838
제주관광대학교,전문대학,제주,사립,기존,2022,취업자,432
제주관광대학교,전문대학,제주,사립,기존,2022,예외자,142
제주관광대학교,전문대학,제주,사립,기존,2022,졸업자,697
제주한라대학교,전문대학,제주,사립,기존,2024,취업률(%),72.039473684
제주한라대학교,전문대학,제주,사립,기존,2024,취업자,876
제주한라대학교,전문대학,제주,사립,기존,2024,예외자,271
제주한라대학교,전문대학,제주,사립,기존,2024,졸업자,1487
제주한라대학교,전문대학,제주,사립,기존,2023,취업률(%),73.108552632
제주한라대학교,전문대학,제주,사립,기존,2023,취업자,889
제주한라대학교,전문대학,제주,사립,기존,2023,예외자,448
제주한라대학교,전문대학,제주,사립,기존,2023,졸업자,1664
제주한라대학교,전문대학,제주,사립,기존,2022,취업률(%),72.622699387
제주한라대학교,전문대학,제주,사립,기존,2022,취업자,947
제주한라대학교,전문대학,제주,사립,기존,2022,예외자,471
제주한라대학교,전문대학,제주,사립,기존,2022,졸업자,1775
조선간호대학교,전문대학,광주,사립,기존,2024,취업률(%),75.531914894
조선간호대학교,전문대학,광주,사립,기존,2024,취업자,142
조선간호대학교,전문대학,광주,사립,기존,2024,예외자,3
조선간호대학교,전문대학,광주,사립,기존,2024,졸업자,191
조선간호대학교,전문대학,광주,사립,기존,2023,취업률(%),75.581395349
조선간호대학교,전문대학,광주,사립,기존,2023,취업자,130
조선간호대학교,전문대학,광주,사립,기존,2023,예외자,1
조선간호대학교,전문대학,광주,사립,기존,2023,졸업자,173
조선간호대학교,전문대학,광주,사립,기존,2022,취업률(%),79.144385027
조선간호대학교,전문대학,광주,사립,기존,2022,취업자,148
조선간호대학교,전문대학,광주,사립,기존,2022,예외자,1
조선간호대학교,전문대학,광주,사립,기존,2022,졸업자,188
조선이공대학교,전문대학,광주,사립,기존,2024,취업률(%),65.614035088
조선이공대학교,전문대학,광주,사립,기존,2024,취업자,748
조선이공대학교,전문대학,광주,사립,기존,2024,예외자,167
조선이공대학교,전문대학,광주,사립,기존,2024,졸업자,1307
조선이공대학교,전문대학,광주,사립,기존,2023,취업률(%),69.148936170
조선이공대학교,전문대학,광주,사립,기존,2023,취업자,845
조선이공대학교,전문대학,광주,사립,기존,2023,예외자,218
조선이공대학교,전문대학,광주,사립,기존,2023,졸업자,1440
조선이공대학교,전문대학,광주,사립,기존,2022,취업률(%),73.887973641
조선이공대학교,전문대학,광주,사립,기존,2022,취업자,897
조선이공대학교,전문대학,광주,사립,기존,2022,예외자,193
조선이공대학교,전문대학,광주,사립,기존,2022,졸업자,1407
진주보건대학교,전문대학,경남,사립,기존,2024,취업률(%),73.598820059
진주보건대학교,전문대학,경남,사립,기존,2024,취업자,499
진주보건대학교,전문대학,경남,사립,기존,2024,예외자,33
진주보건대학교,전문대학,경남,사립,기존,2024,졸업자,711
진주보건대학교,전문대학,경남,사립,기존,2023,취업률(%),76.544943820
진주보건대학교,전문대학,경남,사립,기존,2023,취업자,545
진주보건대학교,전문대학,경남,사립,기존,2023,예외자,35
진주보건대학교,전문대학,경남,사립,기존,2023,졸업자,747
진주보건대학교,전문대학,경남,사립,기존,2022,취업률(%),79.667063020
진주보건대학교,전문대학,경남,사립,기존,2022,취업자,670
진주보건대학교,전문대학,경남,사립,기존,2022,예외자,56
진주보건대학교,전문대학,경남,사립,기존,2022,졸업자,897
창원문성대학교,전문대학,경남,사립,기존,2024,취업률(%),66.165413534
창원문성대학교,전문대학,경남,사립,기존,2024,취업자,352
창원문성대학교,전문대학,경남,사립,기존,2024,예외자,45
창원문성대학교,전문대학,경남,사립,기존,2024,졸업자,577
창원문성대학교,전문대학,경남,사립,기존,2023,취업률(%),66.323024055
창원문성대학교,전문대학,경남,사립,기존,2023,취업자,386
창원문성대학교,전문대학,경남,사립,기존,2023,예외자,67
창원문성대학교,전문대학,경남,사립,기존,2023,졸업자,649
창원문성대학교,전문대학,경남,사립,기존,2022,취업률(%),68.772348033
창원문성대학교,전문대학,경남,사립,기존,2022,취업자,577
창원문성대학교,전문대학,경남,사립,기존,2022,예외자,94
창원문성대학교,전문대학,경남,사립,기존,2022,졸업자,933
청강문화산업대학교,전문대학,경기,사립,기존,2024,취업률(%),62.311111111
청강문화산업대학교,전문대학,경기,사립,기존,2024,취업자,701
청강문화산업대학교,전문대학,경기,사립,기존,2024,예외자,165
청강문화산업대학교,전문대학,경기,사립,기존,2024,졸업자,1290
청강문화산업대학교,전문대학,경기,사립,기존,2023,취업률(%),65.259117083
청강문화산업대학교,전문대학,경기,사립,기존,2023,취업자,680
청강문화산업대학교,전문대학,경기,사립,기존,2023,예외자,158
청강문화산업대학교,전문대학,경기,사립,기존,2023,졸업자,1200
청강문화산업대학교,전문대학,경기,사립,기존,2022,취업률(%),71.163245357
청강문화산업대학교,전문대학,경기,사립,기존,2022,취업자,728
청강문화산업대학교,전문대학,경기,사립,기존,2022,예외자,169
청강문화산업대학교,전문대학,경기,사립,기존,2022,졸업자,1192
청암대학교,전문대학,전남,사립,기존,2024,취업률(%),73.405698779
청암대학교,전문대학,전남,사립,기존,2024,취업자,541
청암대학교,전문대학,전남,사립,기존,2024,예외자,38
청암대학교,전문대학,전남,사립,기존,2024,졸업자,775
청암대학교,전문대학,전남,사립,기존,2023,취업률(%),66.535947712
청암대학교,전문대학,전남,사립,기존,2023,취업자,509
청암대학교,전문대학,전남,사립,기존,2023,예외자,49
청암대학교,전문대학,전남,사립,기존,2023,졸업자,814
청암대학교,전문대학,전남,사립,기존,2022,취업률(%),70.096852300
청암대학교,전문대학,전남,사립,기존,2022,취업자,579
청암대학교,전문대학,전남,사립,기존,2022,예외자,59
청암대학교,전문대학,전남,사립,기존,2022,졸업자,885
춘해보건대학교,전문대학,울산,사립,기존,2024,취업률(%),81.515957447
춘해보건대학교,전문대학,울산,사립,기존,2024,취업자,613
춘해보건대학교,전문대학,울산,사립,기존,2024,예외자,50
춘해보건대학교,전문대학,울산,사립,기존,2024,졸업자,802
춘해보건대학교,전문대학,울산,사립,기존,2023,취업률(%),83.333333333
춘해보건대학교,전문대학,울산,사립,기존,2023,취업자,645
춘해보건대학교,전문대학,울산,사립,기존,2023,예외자,63
춘해보건대학교,전문대학,울산,사립,기존,2023,졸업자,837
춘해보건대학교,전문대학,울산,사립,기존,2022,취업률(%),84.615384615
춘해보건대학교,전문대학,울산,사립,기존,2022,취업자,704
춘해보건대학교,전문대학,울산,사립,기존,2022,예외자,60
춘해보건대학교,전문대학,울산,사립,기존,2022,졸업자,892
충남도립대학교,전문대학,충남,공립,기존,2024,취업률(%),73.602484472
충남도립대학교,전문대학,충남,공립,기존,2024,취업자,237
충남도립대학교,전문대학,충남,공립,기존,2024,예외자,42
충남도립대학교,전문대학,충남,공립,기존,2024,졸업자,364
충남도립대학교,전문대학,충남,공립,기존,2023,취업률(%),73.421926910
충남도립대학교,전문대학,충남,공립,기존,2023,취업자,221
충남도립대학교,전문대학,충남,공립,기존,2023,예외자,39
충남도립대학교,전문대학,충남,공립,기존,2023,졸업자,340
충남도립대학교,전문대학,충남,공립,기존,2022,취업률(%),70.604395604
충남도립대학교,전문대학,충남,공립,기존,2022,취업자,257
충남도립대학교,전문대학,충남,공립,기존,2022,예외자,41
충남도립대학교,전문대학,충남,공립,기존,2022,졸업자,405
충북도립대학교,전문대학,충북,공립,기존,2024,취업률(%),70.790378007
충북도립대학교,전문대학,충북,공립,기존,2024,취업자,206
충북도립대학교,전문대학,충북,공립,기존,2024,예외자,41
충북도립대학교,전문대학,충북,공립,기존,2024,졸업자,332
충북도립대학교,전문대학,충북,공립,기존,2023,취업률(%),72.240802676
충북도립대학교,전문대학,충북,공립,기존,2023,취업자,216
충북도립대학교,전문대학,충북,공립,기존,2023,예외자,53
충북도립대학교,전문대학,충북,공립,기존,2023,졸업자,352
충북도립대학교,전문대학,충북,공립,기존,2022,취업률(%),73.643410853
충북도립대학교,전문대학,충북,공립,기존,2022,취업자,190
충북도립대학교,전문대학,충북,공립,기존,2022,예외자,41
충북도립대학교,전문대학,충북,공립,기존,2022,졸업자,299
충북보건과학대학교,전문대학,충북,사립,기존,2024,취업률(%),75.496688742
충북보건과학대학교,전문대학,충북,사립,기존,2024,취업자,570
충북보건과학대학교,전문대학,충북,사립,기존,2024,예외자,116
충북보건과학대학교,전문대학,충북,사립,기존,2024,졸업자,871
충북보건과학대학교,전문대학,충북,사립,기존,2023,취업률(%),76.014760148
충북보건과학대학교,전문대학,충북,사립,기존,2023,취업자,618
충북보건과학대학교,전문대학,충북,사립,기존,2023,예외자,105
충북보건과학대학교,전문대학,충북,사립,기존,2023,졸업자,918
충북보건과학대학교,전문대학,충북,사립,기존,2022,취업률(%),78.317152104
충북보건과학대학교,전문대학,충북,사립,기존,2022,취업자,726
충북보건과학대학교,전문대학,충북,사립,기존,2022,예외자,106
충북보건과학대학교,전문대학,충북,사립,기존,2022,졸업자,1033
충청대학교,전문대학,충북,사립,기존,2024,취업률(%),71.547248183
충청대학교,전문대학,충북,사립,기존,2024,취업자,689
충청대학교,전문대학,충북,사립,기존,2024,예외자,135
충청대학교,전문대학,충북,사립,기존,2024,졸업자,1098
충청대학교,전문대학,충북,사립,기존,2023,취업률(%),68.968609865
충청대학교,전문대학,충북,사립,기존,2023,취업자,769
충청대학교,전문대학,충북,사립,기존,2023,예외자,282
충청대학교,전문대학,충북,사립,기존,2023,졸업자,1397
충청대학교,전문대학,충북,사립,기존,2022,취업률(%),70.370370370
충청대학교,전문대학,충북,사립,기존,2022,취업자,874
충청대학교,전문대학,충북,사립,기존,2022,예외자,168
충청대학교,전문대학,충북,사립,기존,2022,졸업자,1410
포항대학교,전문대학,경북,사립,기존,2024,취업률(%),73.019271949
포항대학교,전문대학,경북,사립,기존,2024,취업자,341
포항대학교,전문대학,경북,사립,기존,2024,예외자,26
포항대학교,전문대학,경북,사립,기존,2024,졸업자,493
포항대학교,전문대학,경북,사립,기존,2023,취업률(%),71.543086172
포항대학교,전문대학,경북,사립,기존,2023,취업자,357
포항대학교,전문대학,경북,사립,기존,2023,예외자,48
포항대학교,전문대학,경북,사립,기존,2023,졸업자,547
포항대학교,전문대학,경북,사립,기존,2022,취업률(%),71.633752244
포항대학교,전문대학,경북,사립,기존,2022,취업자,399
포항대학교,전문대학,경북,사립,기존,2022,예외자,45
포항대학교,전문대학,경북,사립,기존,2022,졸업자,602
한국골프과학기술대학교,전문대학,강원,사립,기존,2024,취업률(%),74.107142857
한국골프과학기술대학교,전문대학,강원,사립,기존,2024,취업자,83
한국골프과학기술대학교,전문대학,강원,사립,기존,2024,예외자,27
한국골프과학기술대학교,전문대학,강원,사립,기존,2024,졸업자,139
한국골프과학기술대학교,전문대학,강원,사립,기존,2023,취업률(%),65.833333333
한국골프과학기술대학교,전문대학,강원,사립,기존,2023,취업자,79
한국골프과학기술대학교,전문대학,강원,사립,기존,2023,예외자,23
한국골프과학기술대학교,전문대학,강원,사립,기존,2023,졸업자,143
한국골프과학기술대학교,전문대학,강원,사립,기존,2022,취업률(%),78.431372549
한국골프과학기술대학교,전문대학,강원,사립,기존,2022,취업자,80
한국골프과학기술대학교,전문대학,강원,사립,기존,2022,예외자,25
한국골프과학기술대학교,전문대학,강원,사립,기존,2022,졸업자,127
한국관광대학교,전문대학,경기,사립,기존,2024,취업률(%),68.775510204
한국관광대학교,전문대학,경기,사립,기존,2024,취업자,337
한국관광대학교,전문대학,경기,사립,기존,2024,예외자,69
한국관광대학교,전문대학,경기,사립,기존,2024,졸업자,559
한국관광대학교,전문대학,경기,사립,기존,2023,취업률(%),71.159420290
한국관광대학교,전문대학,경기,사립,기존,2023,취업자,491
한국관광대학교,전문대학,경기,사립,기존,2023,예외자,69
한국관광대학교,전문대학,경기,사립,기존,2023,졸업자,759
한국관광대학교,전문대학,경기,사립,기존,2022,취업률(%),70.354609929
한국관광대학교,전문대학,경기,사립,기존,2022,취업자,496
한국관광대학교,전문대학,경기,사립,기존,2022,예외자,85
한국관광대학교,전문대학,경기,사립,기존,2022,졸업자,790
한국농수산대학교,전문대학,전북,특별법국립,기존,2024,취업률(%),76.433121019
한국농수산대학교,전문대학,전북,특별법국립,기존,2024,취업자,360
한국농수산대학교,전문대학,전북,특별법국립,기존,2024,예외자,133
한국농수산대학교,전문대학,전북,특별법국립,기존,2024,졸업자,604
한국농수산대학교,전문대학,전북,특별법국립,기존,2023,취업률(%),82.165605096
한국농수산대학교,전문대학,전북,특별법국립,기존,2023,취업자,387
한국농수산대학교,전문대학,전북,특별법국립,기존,2023,예외자,100
한국농수산대학교,전문대학,전북,특별법국립,기존,2023,졸업자,571
한국농수산대학교,전문대학,전북,특별법국립,기존,2022,취업률(%),80.229226361
한국농수산대학교,전문대학,전북,특별법국립,기존,2022,취업자,280
한국농수산대학교,전문대학,전북,특별법국립,기존,2022,예외자,192
한국농수산대학교,전문대학,전북,특별법국립,기존,2022,졸업자,541
한국복지대학교,전문대학,경기,국립,폐교,2024,취업률(%),71.084337349
한국복지대학교,전문대학,경기,국립,폐교,2024,취업자,118
한국복지대학교,전문대학,경기,국립,폐교,2024,예외자,66
한국복지대학교,전문대학,경기,국립,폐교,2024,졸업자,232
한국복지대학교,전문대학,경기,국립,폐교,2023,취업률(%),74.025974026
한국복지대학교,전문대학,경기,국립,폐교,2023,취업자,114
한국복지대학교,전문대학,경기,국립,폐교,2023,예외자,68
한국복지대학교,전문대학,경기,국립,폐교,2023,졸업자,222
한국복지대학교,전문대학,경기,국립,폐교,2022,취업률(%),72.631578947
한국복지대학교,전문대학,경기,국립,폐교,2022,취업자,138
한국복지대학교,전문대학,경기,국립,폐교,2022,예외자,50
한국복지대학교,전문대학,경기,국립,폐교,2022,졸업자,240
한국복지사이버대학교,사이버대학(전문대학),경북,사립,기존,2024,취업률(%),72.549019608
한국복지사이버대학교,사이버대학(전문대학),경북,사립,기존,2024,취업자,703
한국복지사이버대학교,사이버대학(전문대학),경북,사립,기존,2024,예외자,21
한국복지사이버대학교,사이버대학(전문대학),경북,사립,기존,2024,졸업자,990
한국복지사이버대학교,사이버대학(전문대학),경북,사립,기존,2023,취업률(%),75.251141553
한국복지사이버대학교,사이버대학(전문대학),경북,사립,기존,2023,취업자,824
한국복지사이버대학교,사이버대학(전문대학),경북,사립,기존,2023,예외자,46
한국복지사이버대학교,사이버대학(전문대학),경북,사립,기존,2023,졸업자,1141
한국승강기대학교,전문대학,경남,사립,기존,2024,취업률(%),82.527881041
한국승강기대학교,전문대학,경남,사립,기존,2024,취업자,222
한국승강기대학교,전문대학,경남,사립,기존,2024,예외자,19
한국승강기대학교,전문대학,경남,사립,기존,2024,졸업자,288
한국승강기대학교,전문대학,경남,사립,기존,2023,취업률(%),80.144404332
한국승강기대학교,전문대학,경남,사립,기존,2023,취업자,222
한국승강기대학교,전문대학,경남,사립,기존,2023,예외자,23
한국승강기대학교,전문대학,경남,사립,기존,2023,졸업자,300
한국승강기대학교,전문대학,경남,사립,기존,2022,취업률(%),77.902621723
한국승강기대학교,전문대학,경남,사립,기존,2022,취업자,208
한국승강기대학교,전문대학,경남,사립,기존,2022,예외자,22
한국승강기대학교,전문대학,경남,사립,기존,2022,졸업자,289
한국영상대학교,전문대학,세종,사립,기존,2024,취업률(%),72.461928934
한국영상대학교,전문대학,세종,사립,기존,2024,취업자,571
한국영상대학교,전문대학,세종,사립,기존,2024,예외자,185
한국영상대학교,전문대학,세종,사립,기존,2024,졸업자,973
한국영상대학교,전문대학,세종,사립,기존,2023,취업률(%),74.129930394
한국영상대학교,전문대학,세종,사립,기존,2023,취업자,639
한국영상대학교,전문대학,세종,사립,기존,2023,예외자,242
한국영상대학교,전문대학,세종,사립,기존,2023,졸업자,1104
한국영상대학교,전문대학,세종,사립,기존,2022,취업률(%),76.483279396
한국영상대학교,전문대학,세종,사립,기존,2022,취업자,709
한국영상대학교,전문대학,세종,사립,기존,2022,예외자,245
한국영상대학교,전문대학,세종,사립,기존,2022,졸업자,1172
한국폴리텍 특성화대학 로봇캠퍼스,기능대학,경북,사립,기존,2024,취업률(%),73.333333333
한국폴리텍 특성화대학 로봇캠퍼스,기능대학,경북,사립,기존,2024,취업자,22
한국폴리텍 특성화대학 로봇캠퍼스,기능대학,경북,사립,기존,2024,예외자,3
한국폴리텍 특성화대학 로봇캠퍼스,기능대학,경북,사립,기존,2024,졸업자,33
한국폴리텍 특성화대학 로봇캠퍼스,기능대학,경북,사립,기존,2023,취업률(%),83.333333333
한국폴리텍 특성화대학 로봇캠퍼스,기능대학,경북,사립,기존,2023,취업자,50
한국폴리텍 특성화대학 로봇캠퍼스,기능대학,경북,사립,기존,2023,예외자,6
한국폴리텍 특성화대학 로봇캠퍼스,기능대학,경북,사립,기존,2023,졸업자,66
한국폴리텍 특성화대학 바이오캠퍼스,기능대학,충남,사립,기존,2024,취업률(%),78.378378378
한국폴리텍 특성화대학 바이오캠퍼스,기능대학,충남,사립,기존,2024,취업자,145
한국폴리텍 특성화대학 바이오캠퍼스,기능대학,충남,사립,기존,2024,예외자,5
한국폴리텍 특성화대학 바이오캠퍼스,기능대학,충남,사립,기존,2024,졸업자,190
한국폴리텍 특성화대학 바이오캠퍼스,기능대학,충남,사립,기존,2023,취업률(%),84.541062802
한국폴리텍 특성화대학 바이오캠퍼스,기능대학,충남,사립,기존,2023,취업자,175
한국폴리텍 특성화대학 바이오캠퍼스,기능대학,충남,사립,기존,2023,예외자,4
한국폴리텍 특성화대학 바이오캠퍼스,기능대학,충남,사립,기존,2023,졸업자,211
한국폴리텍 특성화대학 바이오캠퍼스,기능대학,충남,사립,기존,2022,취업률(%),89.528795812
한국폴리텍 특성화대학 바이오캠퍼스,기능대학,충남,사립,기존,2022,취업자,171
한국폴리텍 특성화대학 바이오캠퍼스,기능대학,충남,사립,기존,2022,예외자,5
한국폴리텍 특성화대학 바이오캠퍼스,기능대학,충남,사립,기존,2022,졸업자,196
한국폴리텍 특성화대학 반도체융합캠퍼스,기능대학,경기,사립,기존,2024,취업률(%),78.773584906
한국폴리텍 특성화대학 반도체융합캠퍼스,기능대학,경기,사립,기존,2024,취업자,167
한국폴리텍 특성화대학 반도체융합캠퍼스,기능대학,경기,사립,기존,2024,예외자,16
한국폴리텍 특성화대학 반도체융합캠퍼스,기능대학,경기,사립,기존,2024,졸업자,228
한국폴리텍 특성화대학 반도체융합캠퍼스,기능대학,경기,사립,기존,2023,취업률(%),75.092936803
한국폴리텍 특성화대학 반도체융합캠퍼스,기능대학,경기,사립,기존,2023,취업자,202
한국폴리텍 특성화대학 반도체융합캠퍼스,기능대학,경기,사립,기존,2023,예외자,22
한국폴리텍 특성화대학 반도체융합캠퍼스,기능대학,경기,사립,기존,2023,졸업자,291
한국폴리텍 특성화대학 반도체융합캠퍼스,기능대학,경기,사립,기존,2022,취업률(%),81.538461538
한국폴리텍 특성화대학 반도체융합캠퍼스,기능대학,경기,사립,기존,2022,취업자,212
한국폴리텍 특성화대학 반도체융합캠퍼스,기능대학,경기,사립,기존,2022,예외자,18
한국폴리텍 특성화대학 반도체융합캠퍼스,기능대학,경기,사립,기존,2022,졸업자,278
한국폴리텍 특성화대학 항공캠퍼스,기능대학,경남,사립,기존,2024,취업률(%),74
한국폴리텍 특성화대학 항공캠퍼스,기능대학,경남,사립,기존,2024,취업자,111
한국폴리텍 특성화대학 항공캠퍼스,기능대학,경남,사립,기존,2024,예외자,19
한국폴리텍 특성화대학 항공캠퍼스,기능대학,경남,사립,기존,2024,졸업자,169
한국폴리텍 특성화대학 항공캠퍼스,기능대학,경남,사립,기존,2023,취업률(%),76.339285714
한국폴리텍 특성화대학 항공캠퍼스,기능대학,경남,사립,기존,2023,취업자,171
한국폴리텍 특성화대학 항공캠퍼스,기능대학,경남,사립,기존,2023,예외자,36
한국폴리텍 특성화대학 항공캠퍼스,기능대학,경남,사립,기존,2023,졸업자,260
한국폴리텍 특성화대학 항공캠퍼스,기능대학,경남,사립,기존,2022,취업률(%),77.092511013
한국폴리텍 특성화대학 항공캠퍼스,기능대학,경남,사립,기존,2022,취업자,175
한국폴리텍 특성화대학 항공캠퍼스,기능대학,경남,사립,기존,2022,예외자,23
한국폴리텍 특성화대학 항공캠퍼스,기능대학,경남,사립,기존,2022,졸업자,250
한국폴리텍 I 대학 서울강서캠퍼스,기능대학,서울,사립,기존,2024,취업률(%),78.688524590
한국폴리텍 I 대학 서울강서캠퍼스,기능대학,서울,사립,기존,2024,취업자,144
한국폴리텍 I 대학 서울강서캠퍼스,기능대학,서울,사립,기존,2024,예외자,24
한국폴리텍 I 대학 서울강서캠퍼스,기능대학,서울,사립,기존,2024,졸업자,207
한국폴리텍 I 대학 서울강서캠퍼스,기능대학,서울,사립,기존,2023,취업률(%),79.041916168
한국폴리텍 I 대학 서울강서캠퍼스,기능대학,서울,사립,기존,2023,취업자,132
한국폴리텍 I 대학 서울강서캠퍼스,기능대학,서울,사립,기존,2023,예외자,31
한국폴리텍 I 대학 서울강서캠퍼스,기능대학,서울,사립,기존,2023,졸업자,198
한국폴리텍 I 대학 서울강서캠퍼스,기능대학,서울,사립,기존,2022,취업률(%),80.693069307
한국폴리텍 I 대학 서울강서캠퍼스,기능대학,서울,사립,기존,2022,취업자,163
한국폴리텍 I 대학 서울강서캠퍼스,기능대학,서울,사립,기존,2022,예외자,18
한국폴리텍 I 대학 서울강서캠퍼스,기능대학,서울,사립,기존,2022,졸업자,220
한국폴리텍 I 대학 서울정수캠퍼스,기능대학,서울,사립,기존,2024,취업률(%),77.802197802
한국폴리텍 I 대학 서울정수캠퍼스,기능대학,서울,사립,기존,2024,취업자,354
한국폴리텍 I 대학 서울정수캠퍼스,기능대학,서울,사립,기존,2024,예외자,37
한국폴리텍 I 대학 서울정수캠퍼스,기능대학,서울,사립,기존,2024,졸업자,492
한국폴리텍 I 대학 서울정수캠퍼스,기능대학,서울,사립,기존,2023,취업률(%),79.573712256
한국폴리텍 I 대학 서울정수캠퍼스,기능대학,서울,사립,기존,2023,취업자,448
한국폴리텍 I 대학 서울정수캠퍼스,기능대학,서울,사립,기존,2023,예외자,53
한국폴리텍 I 대학 서울정수캠퍼스,기능대학,서울,사립,기존,2023,졸업자,616
한국폴리텍 I 대학 서울정수캠퍼스,기능대학,서울,사립,기존,2022,취업률(%),76.801405975
한국폴리텍 I 대학 서울정수캠퍼스,기능대학,서울,사립,기존,2022,취업자,437
한국폴리텍 I 대학 서울정수캠퍼스,기능대학,서울,사립,기존,2022,예외자,70
한국폴리텍 I 대학 서울정수캠퍼스,기능대학,서울,사립,기존,2022,졸업자,639
한국폴리텍 I 대학 성남캠퍼스,기능대학,경기,사립,기존,2024,취업률(%),75.735294118
한국폴리텍 I 대학 성남캠퍼스,기능대학,경기,사립,기존,2024,취업자,206
한국폴리텍 I 대학 성남캠퍼스,기능대학,경기,사립,기존,2024,예외자,18
한국폴리텍 I 대학 성남캠퍼스,기능대학,경기,사립,기존,2024,졸업자,290
한국폴리텍 I 대학 성남캠퍼스,기능대학,경기,사립,기존,2023,취업률(%),75.942028986
한국폴리텍 I 대학 성남캠퍼스,기능대학,경기,사립,기존,2023,취업자,262
한국폴리텍 I 대학 성남캠퍼스,기능대학,경기,사립,기존,2023,예외자,23
한국폴리텍 I 대학 성남캠퍼스,기능대학,경기,사립,기존,2023,졸업자,368
한국폴리텍 I 대학 성남캠퍼스,기능대학,경기,사립,기존,2022,취업률(%),79.624664879
한국폴리텍 I 대학 성남캠퍼스,기능대학,경기,사립,기존,2022,취업자,297
한국폴리텍 I 대학 성남캠퍼스,기능대학,경기,사립,기존,2022,예외자,30
한국폴리텍 I 대학 성남캠퍼스,기능대학,경기,사립,기존,2022,졸업자,403
한국폴리텍 I 대학 제주캠퍼스,기능대학,제주,사립,기존,2024,취업률(%),76.923076923
한국폴리텍 I 대학 제주캠퍼스,기능대학,제주,사립,기존,2024,취업자,10
한국폴리텍 I 대학 제주캠퍼스,기능대학,제주,사립,기존,2024,예외자,4
한국폴리텍 I 대학 제주캠퍼스,기능대학,제주,사립,기존,2024,졸업자,17
한국폴리텍 I 대학 제주캠퍼스,기능대학,제주,사립,기존,2023,취업률(%),64.285714286
한국폴리텍 I 대학 제주캠퍼스,기능대학,제주,사립,기존,2023,취업자,9
한국폴리텍 I 대학 제주캠퍼스,기능대학,제주,사립,기존,2023,예외자,1
한국폴리텍 I 대학 제주캠퍼스,기능대학,제주,사립,기존,2023,졸업자,15
한국폴리텍 I 대학 제주캠퍼스,기능대학,제주,사립,기존,2022,취업률(%),69.230769231
한국폴리텍 I 대학 제주캠퍼스,기능대학,제주,사립,기존,2022,취업자,9
한국폴리텍 I 대학 제주캠퍼스,기능대학,제주,사립,기존,2022,예외자,4
한국폴리텍 I 대학 제주캠퍼스,기능대학,제주,사립,기존,2022,졸업자,17
한국폴리텍 II 대학 남인천캠퍼스,기능대학,인천,사립,기존,2024,취업률(%),95.348837209
한국폴리텍 II 대학 남인천캠퍼스,기능대학,인천,사립,기존,2024,취업자,41
한국폴리텍 II 대학 남인천캠퍼스,기능대학,인천,사립,기존,2024,예외자,2
한국폴리텍 II 대학 남인천캠퍼스,기능대학,인천,사립,기존,2024,졸업자,45
한국폴리텍 II 대학 남인천캠퍼스,기능대학,인천,사립,기존,2023,취업률(%),84.210526316
한국폴리텍 II 대학 남인천캠퍼스,기능대학,인천,사립,기존,2023,취업자,16
한국폴리텍 II 대학 남인천캠퍼스,기능대학,인천,사립,기존,2023,예외자,0
한국폴리텍 II 대학 남인천캠퍼스,기능대학,인천,사립,기존,2023,졸업자,19
한국폴리텍 II 대학 남인천캠퍼스,기능대학,인천,사립,기존,2022,취업률(%),100
한국폴리텍 II 대학 남인천캠퍼스,기능대학,인천,사립,기존,2022,취업자,12
한국폴리텍 II 대학 남인천캠퍼스,기능대학,인천,사립,기존,2022,예외자,0
한국폴리텍 II 대학 남인천캠퍼스,기능대학,인천,사립,기존,2022,졸업자,12
한국폴리텍 II 대학 인천캠퍼스,기능대학,인천,사립,기존,2024,취업률(%),74.324324324
한국폴리텍 II 대학 인천캠퍼스,기능대학,인천,사립,기존,2024,취업자,495
한국폴리텍 II 대학 인천캠퍼스,기능대학,인천,사립,기존,2024,예외자,67
한국폴리텍 II 대학 인천캠퍼스,기능대학,인천,사립,기존,2024,졸업자,733
한국폴리텍 II 대학 인천캠퍼스,기능대학,인천,사립,기존,2023,취업률(%),78.096479791
한국폴리텍 II 대학 인천캠퍼스,기능대학,인천,사립,기존,2023,취업자,599
한국폴리텍 II 대학 인천캠퍼스,기능대학,인천,사립,기존,2023,예외자,76
한국폴리텍 II 대학 인천캠퍼스,기능대학,인천,사립,기존,2023,졸업자,843
한국폴리텍 II 대학 인천캠퍼스,기능대학,인천,사립,기존,2022,취업률(%),78.887484197
한국폴리텍 II 대학 인천캠퍼스,기능대학,인천,사립,기존,2022,취업자,624
한국폴리텍 II 대학 인천캠퍼스,기능대학,인천,사립,기존,2022,예외자,92
한국폴리텍 II 대학 인천캠퍼스,기능대학,인천,사립,기존,2022,졸업자,883
한국폴리텍 II 대학 화성캠퍼스,기능대학,경기,사립,기존,2024,취업률(%),90
한국폴리텍 II 대학 화성캠퍼스,기능대학,경기,사립,기존,2024,취업자,9
한국폴리텍 II 대학 화성캠퍼스,기능대학,경기,사립,기존,2024,예외자,2
한국폴리텍 II 대학 화성캠퍼스,기능대학,경기,사립,기존,2024,졸업자,12
한국폴리텍 II 대학 화성캠퍼스,기능대학,경기,사립,기존,2023,취업률(%),80
한국폴리텍 II 대학 화성캠퍼스,기능대학,경기,사립,기존,2023,취업자,4
한국폴리텍 II 대학 화성캠퍼스,기능대학,경기,사립,기존,2023,예외자,0
한국폴리텍 II 대학 화성캠퍼스,기능대학,경기,사립,기존,2023,졸업자,5
한국폴리텍 III 대학 강릉캠퍼스,기능대학,강원,사립,기존,2024,취업률(%),90.909090909
한국폴리텍 III 대학 강릉캠퍼스,기능대학,강원,사립,기존,2024,취업자,50
한국폴리텍 III 대학 강릉캠퍼스,기능대학,강원,사립,기존,2024,예외자,6
한국폴리텍 III 대학 강릉캠퍼스,기능대학,강원,사립,기존,2024,졸업자,61
한국폴리텍 III 대학 강릉캠퍼스,기능대학,강원,사립,기존,2023,취업률(%),92.452830189
한국폴리텍 III 대학 강릉캠퍼스,기능대학,강원,사립,기존,2023,취업자,49
한국폴리텍 III 대학 강릉캠퍼스,기능대학,강원,사립,기존,2023,예외자,3
한국폴리텍 III 대학 강릉캠퍼스,기능대학,강원,사립,기존,2023,졸업자,56
한국폴리텍 III 대학 강릉캠퍼스,기능대학,강원,사립,기존,2022,취업률(%),85.454545455
한국폴리텍 III 대학 강릉캠퍼스,기능대학,강원,사립,기존,2022,취업자,47
한국폴리텍 III 대학 강릉캠퍼스,기능대학,강원,사립,기존,2022,예외자,3
한국폴리텍 III 대학 강릉캠퍼스,기능대학,강원,사립,기존,2022,졸업자,58
한국폴리텍 III 대학 원주캠퍼스,기능대학,강원,사립,기존,2024,취업률(%),80
한국폴리텍 III 대학 원주캠퍼스,기능대학,강원,사립,기존,2024,취업자,36
한국폴리텍 III 대학 원주캠퍼스,기능대학,강원,사립,기존,2024,예외자,3
한국폴리텍 III 대학 원주캠퍼스,기능대학,강원,사립,기존,2024,졸업자,48
한국폴리텍 III 대학 원주캠퍼스,기능대학,강원,사립,기존,2023,취업률(%),93.548387097
한국폴리텍 III 대학 원주캠퍼스,기능대학,강원,사립,기존,2023,취업자,29
한국폴리텍 III 대학 원주캠퍼스,기능대학,강원,사립,기존,2023,예외자,3
한국폴리텍 III 대학 원주캠퍼스,기능대학,강원,사립,기존,2023,졸업자,34
한국폴리텍 III 대학 원주캠퍼스,기능대학,강원,사립,기존,2022,취업률(%),81.818181818
한국폴리텍 III 대학 원주캠퍼스,기능대학,강원,사립,기존,2022,취업자,27
한국폴리텍 III 대학 원주캠퍼스,기능대학,강원,사립,기존,2022,예외자,5
한국폴리텍 III 대학 원주캠퍼스,기능대학,강원,사립,기존,2022,졸업자,38
한국폴리텍 III 대학 춘천캠퍼스,기능대학,강원,사립,기존,2024,취업률(%),78.125
한국폴리텍 III 대학 춘천캠퍼스,기능대학,강원,사립,기존,2024,취업자,75
한국폴리텍 III 대학 춘천캠퍼스,기능대학,강원,사립,기존,2024,예외자,2
한국폴리텍 III 대학 춘천캠퍼스,기능대학,강원,사립,기존,2024,졸업자,98
한국폴리텍 III 대학 춘천캠퍼스,기능대학,강원,사립,기존,2023,취업률(%),81.818181818
한국폴리텍 III 대학 춘천캠퍼스,기능대학,강원,사립,기존,2023,취업자,90
한국폴리텍 III 대학 춘천캠퍼스,기능대학,강원,사립,기존,2023,예외자,12
한국폴리텍 III 대학 춘천캠퍼스,기능대학,강원,사립,기존,2023,졸업자,122
한국폴리텍 III 대학 춘천캠퍼스,기능대학,강원,사립,기존,2022,취업률(%),82.882882883
한국폴리텍 III 대학 춘천캠퍼스,기능대학,강원,사립,기존,2022,취업자,92
한국폴리텍 III 대학 춘천캠퍼스,기능대학,강원,사립,기존,2022,예외자,12
한국폴리텍 III 대학 춘천캠퍼스,기능대학,강원,사립,기존,2022,졸업자,123
한국폴리텍 IV 대학 대전캠퍼스,기능대학,대전,사립,기존,2024,취업률(%),73.111782477
한국폴리텍 IV 대학 대전캠퍼스,기능대학,대전,사립,기존,2024,취업자,242
한국폴리텍 IV 대학 대전캠퍼스,기능대학,대전,사립,기존,2024,예외자,24
한국폴리텍 IV 대학 대전캠퍼스,기능대학,대전,사립,기존,2024,졸업자,355
한국폴리텍 IV 대학 대전캠퍼스,기능대학,대전,사립,기존,2023,취업률(%),79.192546584
한국폴리텍 IV 대학 대전캠퍼스,기능대학,대전,사립,기존,2023,취업자,255
한국폴리텍 IV 대학 대전캠퍼스,기능대학,대전,사립,기존,2023,예외자,28
한국폴리텍 IV 대학 대전캠퍼스,기능대학,대전,사립,기존,2023,졸업자,350
한국폴리텍 IV 대학 대전캠퍼스,기능대학,대전,사립,기존,2022,취업률(%),77.683615819
한국폴리텍 IV 대학 대전캠퍼스,기능대학,대전,사립,기존,2022,취업자,275
한국폴리텍 IV 대학 대전캠퍼스,기능대학,대전,사립,기존,2022,예외자,18
한국폴리텍 IV 대학 대전캠퍼스,기능대학,대전,사립,기존,2022,졸업자,372
한국폴리텍 IV 대학 아산캠퍼스,기능대학,충남,사립,기존,2024,취업률(%),77.840909091
한국폴리텍 IV 대학 아산캠퍼스,기능대학,충남,사립,기존,2024,취업자,137
한국폴리텍 IV 대학 아산캠퍼스,기능대학,충남,사립,기존,2024,예외자,19
한국폴리텍 IV 대학 아산캠퍼스,기능대학,충남,사립,기존,2024,졸업자,195
한국폴리텍 IV 대학 아산캠퍼스,기능대학,충남,사립,기존,2023,취업률(%),80.208333333
한국폴리텍 IV 대학 아산캠퍼스,기능대학,충남,사립,기존,2023,취업자,154
한국폴리텍 IV 대학 아산캠퍼스,기능대학,충남,사립,기존,2023,예외자,19
한국폴리텍 IV 대학 아산캠퍼스,기능대학,충남,사립,기존,2023,졸업자,211
한국폴리텍 IV 대학 아산캠퍼스,기능대학,충남,사립,기존,2022,취업률(%),83.412322275
한국폴리텍 IV 대학 아산캠퍼스,기능대학,충남,사립,기존,2022,취업자,176
한국폴리텍 IV 대학 아산캠퍼스,기능대학,충남,사립,기존,2022,예외자,29
한국폴리텍 IV 대학 아산캠퍼스,기능대학,충남,사립,기존,2022,졸업자,240
한국폴리텍 IV 대학 청주캠퍼스,기능대학,충북,사립,기존,2024,취업률(%),82.972136223
한국폴리텍 IV 대학 청주캠퍼스,기능대학,충북,사립,기존,2024,취업자,268
한국폴리텍 IV 대학 청주캠퍼스,기능대학,충북,사립,기존,2024,예외자,10
한국폴리텍 IV 대학 청주캠퍼스,기능대학,충북,사립,기존,2024,졸업자,333
한국폴리텍 IV 대학 청주캠퍼스,기능대학,충북,사립,기존,2023,취업률(%),82.467532468
한국폴리텍 IV 대학 청주캠퍼스,기능대학,충북,사립,기존,2023,취업자,254
한국폴리텍 IV 대학 청주캠퍼스,기능대학,충북,사립,기존,2023,예외자,13
한국폴리텍 IV 대학 청주캠퍼스,기능대학,충북,사립,기존,2023,졸업자,321
한국폴리텍 IV 대학 청주캠퍼스,기능대학,충북,사립,기존,2022,취업률(%),82.831325301
한국폴리텍 IV 대학 청주캠퍼스,기능대학,충북,사립,기존,2022,취업자,275
한국폴리텍 IV 대학 청주캠퍼스,기능대학,충북,사립,기존,2022,예외자,15
한국폴리텍 IV 대학 청주캠퍼스,기능대학,충북,사립,기존,2022,졸업자,347
한국폴리텍 IV 대학 충남캠퍼스,기능대학,충남,사립,기존,2024,취업률(%),81.25
한국폴리텍 IV 대학 충남캠퍼스,기능대학,충남,사립,기존,2024,취업자,52
한국폴리텍 IV 대학 충남캠퍼스,기능대학,충남,사립,기존,2024,예외자,6
한국폴리텍 IV 대학 충남캠퍼스,기능대학,충남,사립,기존,2024,졸업자,70
한국폴리텍 IV 대학 충남캠퍼스,기능대학,충남,사립,기존,2023,취업률(%),83.333333333
한국폴리텍 IV 대학 충남캠퍼스,기능대학,충남,사립,기존,2023,취업자,65
한국폴리텍 IV 대학 충남캠퍼스,기능대학,충남,사립,기존,2023,예외자,13
한국폴리텍 IV 대학 충남캠퍼스,기능대학,충남,사립,기존,2023,졸업자,91
한국폴리텍 IV 대학 충남캠퍼스,기능대학,충남,사립,기존,2022,취업률(%),81.481481481
한국폴리텍 IV 대학 충남캠퍼스,기능대학,충남,사립,기존,2022,취업자,88
한국폴리텍 IV 대학 충남캠퍼스,기능대학,충남,사립,기존,2022,예외자,15
한국폴리텍 IV 대학 충남캠퍼스,기능대학,충남,사립,기존,2022,졸업자,123
한국폴리텍 V 대학 광주캠퍼스,기능대학,광주,사립,기존,2024,취업률(%),75.916230366
한국폴리텍 V 대학 광주캠퍼스,기능대학,광주,사립,기존,2024,취업자,290
한국폴리텍 V 대학 광주캠퍼스,기능대학,광주,사립,기존,2024,예외자,15
한국폴리텍 V 대학 광주캠퍼스,기능대학,광주,사립,기존,2024,졸업자,397
한국폴리텍 V 대학 광주캠퍼스,기능대학,광주,사립,기존,2023,취업률(%),84.415584416
한국폴리텍 V 대학 광주캠퍼스,기능대학,광주,사립,기존,2023,취업자,260
한국폴리텍 V 대학 광주캠퍼스,기능대학,광주,사립,기존,2023,예외자,26
한국폴리텍 V 대학 광주캠퍼스,기능대학,광주,사립,기존,2023,졸업자,334
한국폴리텍 V 대학 광주캠퍼스,기능대학,광주,사립,기존,2022,취업률(%),82.479784367
한국폴리텍 V 대학 광주캠퍼스,기능대학,광주,사립,기존,2022,취업자,306
한국폴리텍 V 대학 광주캠퍼스,기능대학,광주,사립,기존,2022,예외자,21
한국폴리텍 V 대학 광주캠퍼스,기능대학,광주,사립,기존,2022,졸업자,392
한국폴리텍 V 대학 순천캠퍼스,기능대학,전남,사립,기존,2024,취업률(%),0
한국폴리텍 V 대학 순천캠퍼스,기능대학,전남,사립,기존,2024,취업자,0
한국폴리텍 V 대학 순천캠퍼스,기능대학,전남,사립,기존,2024,예외자,0
한국폴리텍 V 대학 순천캠퍼스,기능대학,전남,사립,기존,2024,졸업자,1
한국폴리텍 V 대학 순천캠퍼스,기능대학,전남,사립,기존,2023,취업률(%),80
한국폴리텍 V 대학 순천캠퍼스,기능대학,전남,사립,기존,2023,취업자,4
한국폴리텍 V 대학 순천캠퍼스,기능대학,전남,사립,기존,2023,예외자,5
한국폴리텍 V 대학 순천캠퍼스,기능대학,전남,사립,기존,2023,졸업자,10
한국폴리텍 V 대학 순천캠퍼스,기능대학,전남,사립,기존,2022,취업률(%),66.666666667
한국폴리텍 V 대학 순천캠퍼스,기능대학,전남,사립,기존,2022,취업자,2
한국폴리텍 V 대학 순천캠퍼스,기능대학,전남,사립,기존,2022,예외자,4
한국폴리텍 V 대학 순천캠퍼스,기능대학,전남,사립,기존,2022,졸업자,7
한국폴리텍 V 대학 익산캠퍼스,기능대학,전북,사립,기존,2024,취업률(%),82.978723404
한국폴리텍 V 대학 익산캠퍼스,기능대학,전북,사립,기존,2024,취업자,39
한국폴리텍 V 대학 익산캠퍼스,기능대학,전북,사립,기존,2024,예외자,7
한국폴리텍 V 대학 익산캠퍼스,기능대학,전북,사립,기존,2024,졸업자,54
한국폴리텍 V 대학 익산캠퍼스,기능대학,전북,사립,기존,2023,취업률(%),86.885245902
한국폴리텍 V 대학 익산캠퍼스,기능대학,전북,사립,기존,2023,취업자,53
한국폴리텍 V 대학 익산캠퍼스,기능대학,전북,사립,기존,2023,예외자,3
한국폴리텍 V 대학 익산캠퍼스,기능대학,전북,사립,기존,2023,졸업자,64
한국폴리텍 V 대학 익산캠퍼스,기능대학,전북,사립,기존,2022,취업률(%),88
한국폴리텍 V 대학 익산캠퍼스,기능대학,전북,사립,기존,2022,취업자,44
한국폴리텍 V 대학 익산캠퍼스,기능대학,전북,사립,기존,2022,예외자,2
한국폴리텍 V 대학 익산캠퍼스,기능대학,전북,사립,기존,2022,졸업자,52
한국폴리텍 V 대학 전남캠퍼스,기능대학,전남,사립,기존,2024,취업률(%),71.929824561
한국폴리텍 V 대학 전남캠퍼스,기능대학,전남,사립,기존,2024,취업자,41
한국폴리텍 V 대학 전남캠퍼스,기능대학,전남,사립,기존,2024,예외자,3
한국폴리텍 V 대학 전남캠퍼스,기능대학,전남,사립,기존,2024,졸업자,60
한국폴리텍 V 대학 전남캠퍼스,기능대학,전남,사립,기존,2023,취업률(%),84.810126582
한국폴리텍 V 대학 전남캠퍼스,기능대학,전남,사립,기존,2023,취업자,67
한국폴리텍 V 대학 전남캠퍼스,기능대학,전남,사립,기존,2023,예외자,11
한국폴리텍 V 대학 전남캠퍼스,기능대학,전남,사립,기존,2023,졸업자,90
한국폴리텍 V 대학 전남캠퍼스,기능대학,전남,사립,기존,2022,취업률(%),73.195876289
한국폴리텍 V 대학 전남캠퍼스,기능대학,전남,사립,기존,2022,취업자,71
한국폴리텍 V 대학 전남캠퍼스,기능대학,전남,사립,기존,2022,예외자,8
한국폴리텍 V 대학 전남캠퍼스,기능대학,전남,사립,기존,2022,졸업자,105
한국폴리텍 V 대학 전북캠퍼스,기능대학,전북,사립,기존,2024,취업률(%),69.398907104
한국폴리텍 V 대학 전북캠퍼스,기능대학,전북,사립,기존,2024,취업자,127
한국폴리텍 V 대학 전북캠퍼스,기능대학,전북,사립,기존,2024,예외자,10
한국폴리텍 V 대학 전북캠퍼스,기능대학,전북,사립,기존,2024,졸업자,193
한국폴리텍 V 대학 전북캠퍼스,기능대학,전북,사립,기존,2023,취업률(%),66.101694915
한국폴리텍 V 대학 전북캠퍼스,기능대학,전북,사립,기존,2023,취업자,117
한국폴리텍 V 대학 전북캠퍼스,기능대학,전북,사립,기존,2023,예외자,12
한국폴리텍 V 대학 전북캠퍼스,기능대학,전북,사립,기존,2023,졸업자,189
한국폴리텍 V 대학 전북캠퍼스,기능대학,전북,사립,기존,2022,취업률(%),76.142131980
한국폴리텍 V 대학 전북캠퍼스,기능대학,전북,사립,기존,2022,취업자,150
한국폴리텍 V 대학 전북캠퍼스,기능대학,전북,사립,기존,2022,예외자,14
한국폴리텍 V 대학 전북캠퍼스,기능대학,전북,사립,기존,2022,졸업자,211
한국폴리텍 VI 대학 구미캠퍼스,기능대학,경북,사립,기존,2024,취업률(%),81.313131313
한국폴리텍 VI 대학 구미캠퍼스,기능대학,경북,사립,기존,2024,취업자,161
한국폴리텍 VI 대학 구미캠퍼스,기능대학,경북,사립,기존,2024,예외자,9
한국폴리텍 VI 대학 구미캠퍼스,기능대학,경북,사립,기존,2024,졸업자,207
한국폴리텍 VI 대학 구미캠퍼스,기능대학,경북,사립,기존,2023,취업률(%),81.25
한국폴리텍 VI 대학 구미캠퍼스,기능대학,경북,사립,기존,2023,취업자,195
한국폴리텍 VI 대학 구미캠퍼스,기능대학,경북,사립,기존,2023,예외자,7
한국폴리텍 VI 대학 구미캠퍼스,기능대학,경북,사립,기존,2023,졸업자,247
한국폴리텍 VI 대학 구미캠퍼스,기능대학,경북,사립,기존,2022,취업률(%),85.294117647
한국폴리텍 VI 대학 구미캠퍼스,기능대학,경북,사립,기존,2022,취업자,174
한국폴리텍 VI 대학 구미캠퍼스,기능대학,경북,사립,기존,2022,예외자,8
한국폴리텍 VI 대학 구미캠퍼스,기능대학,경북,사립,기존,2022,졸업자,212
한국폴리텍 VI 대학 대구캠퍼스,기능대학,대구,사립,기존,2024,취업률(%),76.168224299
한국폴리텍 VI 대학 대구캠퍼스,기능대학,대구,사립,기존,2024,취업자,163
한국폴리텍 VI 대학 대구캠퍼스,기능대학,대구,사립,기존,2024,예외자,11
한국폴리텍 VI 대학 대구캠퍼스,기능대학,대구,사립,기존,2024,졸업자,225
한국폴리텍 VI 대학 대구캠퍼스,기능대학,대구,사립,기존,2023,취업률(%),77.559055118
한국폴리텍 VI 대학 대구캠퍼스,기능대학,대구,사립,기존,2023,취업자,197
한국폴리텍 VI 대학 대구캠퍼스,기능대학,대구,사립,기존,2023,예외자,16
한국폴리텍 VI 대학 대구캠퍼스,기능대학,대구,사립,기존,2023,졸업자,270
한국폴리텍 VI 대학 대구캠퍼스,기능대학,대구,사립,기존,2022,취업률(%),75.645756458
한국폴리텍 VI 대학 대구캠퍼스,기능대학,대구,사립,기존,2022,취업자,205
한국폴리텍 VI 대학 대구캠퍼스,기능대학,대구,사립,기존,2022,예외자,15
한국폴리텍 VI 대학 대구캠퍼스,기능대학,대구,사립,기존,2022,졸업자,286
한국폴리텍 VI 대학 영남융합기술캠퍼스,기능대학,대구,사립,기존,2024,취업률(%),88.888888889
한국폴리텍 VI 대학 영남융합기술캠퍼스,기능대학,대구,사립,기존,2024,취업자,48
한국폴리텍 VI 대학 영남융합기술캠퍼스,기능대학,대구,사립,기존,2024,예외자,19
한국폴리텍 VI 대학 영남융합기술캠퍼스,기능대학,대구,사립,기존,2024,졸업자,73
한국폴리텍 VI 대학 영남융합기술캠퍼스,기능대학,대구,사립,기존,2023,취업률(%),80.645161290
한국폴리텍 VI 대학 영남융합기술캠퍼스,기능대학,대구,사립,기존,2023,취업자,50
한국폴리텍 VI 대학 영남융합기술캠퍼스,기능대학,대구,사립,기존,2023,예외자,17
한국폴리텍 VI 대학 영남융합기술캠퍼스,기능대학,대구,사립,기존,2023,졸업자,79
한국폴리텍 VI 대학 영남융합기술캠퍼스,기능대학,대구,사립,기존,2022,취업률(%),92.156862745
한국폴리텍 VI 대학 영남융합기술캠퍼스,기능대학,대구,사립,기존,2022,취업자,47
한국폴리텍 VI 대학 영남융합기술캠퍼스,기능대학,대구,사립,기존,2022,예외자,20
한국폴리텍 VI 대학 영남융합기술캠퍼스,기능대학,대구,사립,기존,2022,졸업자,71
한국폴리텍 VI 대학 영주캠퍼스,기능대학,경북,사립,기존,2024,취업률(%),66.666666667
한국폴리텍 VI 대학 영주캠퍼스,기능대학,경북,사립,기존,2024,취업자,8
한국폴리텍 VI 대학 영주캠퍼스,기능대학,경북,사립,기존,2024,예외자,0
한국폴리텍 VI 대학 영주캠퍼스,기능대학,경북,사립,기존,2024,졸업자,12
한국폴리텍 VI 대학 영주캠퍼스,기능대학,경북,사립,기존,2023,취업률(%),86.206896552
한국폴리텍 VI 대학 영주캠퍼스,기능대학,경북,사립,기존,2023,취업자,25
한국폴리텍 VI 대학 영주캠퍼스,기능대학,경북,사립,기존,2023,예외자,0
한국폴리텍 VI 대학 영주캠퍼스,기능대학,경북,사립,기존,2023,졸업자,29
한국폴리텍 VI 대학 영주캠퍼스,기능대학,경북,사립,기존,2022,취업률(%),68.75
한국폴리텍 VI 대학 영주캠퍼스,기능대학,경북,사립,기존,2022,취업자,11
한국폴리텍 VI 대학 영주캠퍼스,기능대학,경북,사립,기존,2022,예외자,4
한국폴리텍 VI 대학 영주캠퍼스,기능대학,경북,사립,기존,2022,졸업자,20
한국폴리텍 VII 대학 동부산캠퍼스,기능대학,부산,사립,기존,2024,취업률(%),66.666666667
한국폴리텍 VII 대학 동부산캠퍼스,기능대학,부산,사립,기존,2024,취업자,2
한국폴리텍 VII 대학 동부산캠퍼스,기능대학,부산,사립,기존,2024,예외자,1
한국폴리텍 VII 대학 동부산캠퍼스,기능대학,부산,사립,기존,2024,졸업자,4
한국폴리텍 VII 대학 부산캠퍼스,기능대학,부산,사립,기존,2024,취업률(%),73.986486486
한국폴리텍 VII 대학 부산캠퍼스,기능대학,부산,사립,기존,2024,취업자,219
한국폴리텍 VII 대학 부산캠퍼스,기능대학,부산,사립,기존,2024,예외자,22
한국폴리텍 VII 대학 부산캠퍼스,기능대학,부산,사립,기존,2024,졸업자,318
한국폴리텍 VII 대학 부산캠퍼스,기능대학,부산,사립,기존,2023,취업률(%),77.620396601
한국폴리텍 VII 대학 부산캠퍼스,기능대학,부산,사립,기존,2023,취업자,274
한국폴리텍 VII 대학 부산캠퍼스,기능대학,부산,사립,기존,2023,예외자,25
한국폴리텍 VII 대학 부산캠퍼스,기능대학,부산,사립,기존,2023,졸업자,378
한국폴리텍 VII 대학 부산캠퍼스,기능대학,부산,사립,기존,2022,취업률(%),81.095890411
한국폴리텍 VII 대학 부산캠퍼스,기능대학,부산,사립,기존,2022,취업자,296
한국폴리텍 VII 대학 부산캠퍼스,기능대학,부산,사립,기존,2022,예외자,29
한국폴리텍 VII 대학 부산캠퍼스,기능대학,부산,사립,기존,2022,졸업자,394
한국폴리텍 VII 대학 울산캠퍼스,기능대학,울산,사립,기존,2024,취업률(%),82.638888889
한국폴리텍 VII 대학 울산캠퍼스,기능대학,울산,사립,기존,2024,취업자,238
한국폴리텍 VII 대학 울산캠퍼스,기능대학,울산,사립,기존,2024,예외자,2
한국폴리텍 VII 대학 울산캠퍼스,기능대학,울산,사립,기존,2024,졸업자,290
한국폴리텍 VII 대학 울산캠퍼스,기능대학,울산,사립,기존,2023,취업률(%),80.528052805
한국폴리텍 VII 대학 울산캠퍼스,기능대학,울산,사립,기존,2023,취업자,244
한국폴리텍 VII 대학 울산캠퍼스,기능대학,울산,사립,기존,2023,예외자,9
한국폴리텍 VII 대학 울산캠퍼스,기능대학,울산,사립,기존,2023,졸업자,312
한국폴리텍 VII 대학 울산캠퍼스,기능대학,울산,사립,기존,2022,취업률(%),84.451219512
한국폴리텍 VII 대학 울산캠퍼스,기능대학,울산,사립,기존,2022,취업자,277
한국폴리텍 VII 대학 울산캠퍼스,기능대학,울산,사립,기존,2022,예외자,11
한국폴리텍 VII 대학 울산캠퍼스,기능대학,울산,사립,기존,2022,졸업자,339
한국폴리텍 VII 대학 진주캠퍼스,기능대학,경남,사립,기존,2024,취업률(%),100
한국폴리텍 VII 대학 진주캠퍼스,기능대학,경남,사립,기존,2024,취업자,4
한국폴리텍 VII 대학 진주캠퍼스,기능대학,경남,사립,기존,2024,예외자,0
한국폴리텍 VII 대학 진주캠퍼스,기능대학,경남,사립,기존,2024,졸업자,4
한국폴리텍 VII 대학 창원캠퍼스,기능대학,경남,사립,기존,2024,취업률(%),82.299546142
한국폴리텍 VII 대학 창원캠퍼스,기능대학,경남,사립,기존,2024,취업자,544
한국폴리텍 VII 대학 창원캠퍼스,기능대학,경남,사립,기존,2024,예외자,21
한국폴리텍 VII 대학 창원캠퍼스,기능대학,경남,사립,기존,2024,졸업자,682
한국폴리텍 VII 대학 창원캠퍼스,기능대학,경남,사립,기존,2023,취업률(%),83.788121990
한국폴리텍 VII 대학 창원캠퍼스,기능대학,경남,사립,기존,2023,취업자,522
한국폴리텍 VII 대학 창원캠퍼스,기능대학,경남,사립,기존,2023,예외자,34
한국폴리텍 VII 대학 창원캠퍼스,기능대학,경남,사립,기존,2023,졸업자,657
한국폴리텍 VII 대학 창원캠퍼스,기능대학,경남,사립,기존,2022,취업률(%),81.891025641
한국폴리텍 VII 대학 창원캠퍼스,기능대학,경남,사립,기존,2022,취업자,511
한국폴리텍 VII 대학 창원캠퍼스,기능대학,경남,사립,기존,2022,예외자,21
한국폴리텍 VII 대학 창원캠퍼스,기능대학,경남,사립,기존,2022,졸업자,645
한림성심대학교,전문대학,강원,사립,기존,2024,취업률(%),76.312247645
한림성심대학교,전문대학,강원,사립,기존,2024,취업자,567
한림성심대학교,전문대학,강원,사립,기존,2024,예외자,167
한림성심대학교,전문대학,강원,사립,기존,2024,졸업자,910
한림성심대학교,전문대학,강원,사립,기존,2023,취업률(%),73.736128237
한림성심대학교,전문대학,강원,사립,기존,2023,취업자,598
한림성심대학교,전문대학,강원,사립,기존,2023,예외자,209
한림성심대학교,전문대학,강원,사립,기존,2023,졸업자,1020
한림성심대학교,전문대학,강원,사립,기존,2022,취업률(%),75.968109339
한림성심대학교,전문대학,강원,사립,기존,2022,취업자,667
한림성심대학교,전문대학,강원,사립,기존,2022,예외자,182
한림성심대학교,전문대학,강원,사립,기존,2022,졸업자,1060
한양여자대학교,전문대학,서울,사립,기존,2024,취업률(%),65.363598150
한양여자대학교,전문대학,서울,사립,기존,2024,취업자,1555
한양여자대학교,전문대학,서울,사립,기존,2024,예외자,333
한양여자대학교,전문대학,서울,사립,기존,2024,졸업자,2712
한양여자대학교,전문대학,서울,사립,기존,2023,취업률(%),66.192170819
한양여자대학교,전문대학,서울,사립,기존,2023,취업자,1488
한양여자대학교,전문대학,서울,사립,기존,2023,예외자,360
한양여자대학교,전문대학,서울,사립,기존,2023,졸업자,2608
한양여자대학교,전문대학,서울,사립,기존,2022,취업률(%),68.056184866
한양여자대학교,전문대학,서울,사립,기존,2022,취업자,1502
한양여자대학교,전문대학,서울,사립,기존,2022,예외자,286
한양여자대학교,전문대학,서울,사립,기존,2022,졸업자,2493
한영대학교,전문대학,전남,사립,기존,2024,취업률(%),76.156583630
한영대학교,전문대학,전남,사립,기존,2024,취업자,428
한영대학교,전문대학,전남,사립,기존,2024,예외자,26
한영대학교,전문대학,전남,사립,기존,2024,졸업자,588
한영대학교,전문대학,전남,사립,기존,2023,취업률(%),73.275862069
한영대학교,전문대학,전남,사립,기존,2023,취업자,340
한영대학교,전문대학,전남,사립,기존,2023,예외자,48
한영대학교,전문대학,전남,사립,기존,2023,졸업자,512
한영대학교,전문대학,전남,사립,기존,2022,취업률(%),73.870333988
한영대학교,전문대학,전남,사립,기존,2022,취업자,376
한영대학교,전문대학,전남,사립,기존,2022,예외자,10
한영대학교,전문대학,전남,사립,기존,2022,졸업자,519
혜전대학교,전문대학,충남,사립,기존,2024,취업률(%),76.883116883
혜전대학교,전문대학,충남,사립,기존,2024,취업자,592
혜전대학교,전문대학,충남,사립,기존,2024,예외자,116
혜전대학교,전문대학,충남,사립,기존,2024,졸업자,886
혜전대학교,전문대학,충남,사립,기존,2023,취업률(%),76.589595376
혜전대학교,전문대학,충남,사립,기존,2023,취업자,530
혜전대학교,전문대학,충남,사립,기존,2023,예외자,63
혜전대학교,전문대학,충남,사립,기존,2023,졸업자,755
혜전대학교,전문대학,충남,사립,기존,2022,취업률(%),72.153325817
혜전대학교,전문대학,충남,사립,기존,2022,취업자,640
혜전대학교,전문대학,충남,사립,기존,2022,예외자,63
혜전대학교,전문대학,충남,사립,기존,2022,졸업자,950
호산대학교,전문대학,경북,사립,기존,2024,취업률(%),73.731884058
호산대학교,전문대학,경북,사립,기존,2024,취업자,407
호산대학교,전문대학,경북,사립,기존,2024,예외자,93
호산대학교,전문대학,경북,사립,기존,2024,졸업자,645
호산대학교,전문대학,경북,사립,기존,2023,취업률(%),71.694599628
호산대학교,전문대학,경북,사립,기존,2023,취업자,385
호산대학교,전문대학,경북,사립,기존,2023,예외자,95
호산대학교,전문대학,경북,사립,기존,2023,졸업자,632
호산대학교,전문대학,경북,사립,기존,2022,취업률(%),72.443674177
호산대학교,전문대학,경북,사립,기존,2022,취업자,418
호산대학교,전문대학,경북,사립,기존,2022,예외자,80
호산대학교,전문대학,경북,사립,기존,2022,졸업자,657
ICT폴리텍대학,기능대학,경기,사립,기존,2024,취업률(%),68.041237113
ICT폴리텍대학,기능대학,경기,사립,기존,2024,취업자,66
ICT폴리텍대학,기능대학,경기,사립,기존,2024,예외자,10
ICT폴리텍대학,기능대학,경기,사립,기존,2024,졸업자,107
ICT폴리텍대학,기능대학,경기,사립,기존,2023,취업률(%),76.923076923
ICT폴리텍대학,기능대학,경기,사립,기존,2023,취업자,80
ICT폴리텍대학,기능대학,경기,사립,기존,2023,예외자,10
ICT폴리텍대학,기능대학,경기,사립,기존,2023,졸업자,114
ICT폴리텍대학,기능대학,경기,사립,기존,2022,취업률(%),75.396825397
ICT폴리텍대학,기능대학,경기,사립,기존,2022,취업자,95
ICT폴리텍대학,기능대학,경기,사립,기존,2022,예외자,10
ICT폴리텍대학,기능대학,경기,사립,기존,2022,졸업자,136
